# source_url	https://github.com/hkustDB/Quorion
# source_commit	3e48996acc152fc1b19c780ab5c0c9f5f6885e33
suite	local_original	upstream_original	local_normalized_sha256	upstream_normalized_sha256	upstream_rewrite	local_artifact	status
graph	graph/q1.sql		519fc3bbb9ed4fc3ac92c9f083ea4f48042ec05987765c3dae325afee852fa39			graph_yannakakis_rewrite/q1_rewriteYa0.sql	simulated_duckdb_yannakakis
graph	graph/q2.sql		237cd9e98509674ea55858e34af788b4f16ae4e07c9ad0ec7397ae3d6b283428			graph_yannakakis_rewrite/q2_rewriteYa0.sql	simulated_duckdb_yannakakis
graph	graph/q3.sql		e4ea2d2560b60ef6089814da11a108a6de5841b1e83ac54ba77070301edc0665			graph_yannakakis_rewrite/q3_rewriteYa0.sql	simulated_duckdb_yannakakis
graph	graph/q4.sql	query/graph_duckdb/q2b/query.sql	9c4f893b1454b3605b173c02d2ada02d5365dec13006bd8f3a6959f0845b952b	9c4f893b1454b3605b173c02d2ada02d5365dec13006bd8f3a6959f0845b952b	query/graph_duckdb/q2b/rewriteYa0.sql	graph_yannakakis_rewrite/q4_rewriteYa0.sql	adapted_duckdb_empty_count
graph	graph/q5.sql		3239a581368c77b4351e2c3c971ffd90db3524fd38cc79b8fa97cc5fd80fb2f9			graph_yannakakis_rewrite/q5_rewriteYa0.sql	simulated_duckdb_yannakakis
graph	graph/q6.sql		4c4c4e80403239159fb2218a226a21cc081e9a25c0962dc3d836de2872174cd5			graph_yannakakis_rewrite/q6_rewriteYa0.sql	simulated_duckdb_yannakakis
graph	graph/q7.sql		94d12ae63a37bf83043061fbf6121f3a5e7a7bf5860fdce0f7d2c79f15a1baf0			graph_yannakakis_rewrite/q7_rewriteYa0.sql	simulated_duckdb_yannakakis
lsqb	lsqb/bi-3.sql		b632d8454bf96dec3a21559b08d46b70b838d04c44c4eb3b591f32d705983550			lsqb_yannakakis_rewrite/bi-3_rewriteYa0.sql	simulated_duckdb_yannakakis
lsqb	lsqb/bi-9.sql		665010fa82d4ca6c6d91bced4678f5439e5bee677a1bb0e7d7d48cc5aca9c2c7			lsqb_yannakakis_rewrite/bi-9_rewriteYa0.sql	simulated_duckdb_yannakakis
lsqb	lsqb/q1.sql	query/lsqb_duckdb/q1/query.sql	fa9e49a770279742a36be9885c1ace6208a171d7e3d3bb8e48b416ffd99579bd	fa9e49a770279742a36be9885c1ace6208a171d7e3d3bb8e48b416ffd99579bd	query/lsqb_duckdb/q1/rewriteYa0.sql	lsqb_yannakakis_rewrite/q1_rewriteYa0.sql	adapted_duckdb_empty_count
lsqb	lsqb/q2.sql	query/lsqb_duckdb/q2/query.sql	2d0ad4f91727e20ed39545e52bacbb4bd98e3081818ea363b45d3f9142c2f3e6	2d0ad4f91727e20ed39545e52bacbb4bd98e3081818ea363b45d3f9142c2f3e6	query/lsqb_duckdb/q2/rewrite0.sql	lsqb_yannakakis_rewrite/q2_rewriteYa0.sql	simulated_ghd_one_bag
lsqb	lsqb/q3.sql	query/lsqb_duckdb/q3/query.sql	2cf9ad1304abad51fbc09f660f98cf54c96c98ec94286d2397808029280fb843	2cf9ad1304abad51fbc09f660f98cf54c96c98ec94286d2397808029280fb843	query/lsqb_duckdb/q3/rewriteYa0.sql	lsqb_yannakakis_rewrite/q3_rewriteYa0.sql	adapted_duckdb_empty_count
lsqb	lsqb/q4.sql	query/lsqb_duckdb/q4/query.sql	b2a2b559316430573272d96f334e34760e56ee3d9b66a5310fb935414e9044db	32a0ee54abec497bb957ea701c864dd5e18ec2f24bc5c12952db9984333bc7a4	query/lsqb_duckdb/q4/rewriteYa13.sql	lsqb_yannakakis_rewrite/q4_rewriteYa13.sql	adapted_duckdb_relation_suffix
lsqb	lsqb/q5.sql	query/lsqb_duckdb/q5/query.sql	9f2e9c6ea453d857db6fe680cf8e5ef955ef3e982541aac333023dd147f03936	0709903f9ab8b06d2a62b2ede37809fb7252591265b193f476e41c5790da0b60	query/lsqb_duckdb/q5/rewriteYa0.sql	lsqb_yannakakis_rewrite/q5_rewriteYa0.sql	adapted_duckdb_relation_suffix
lsqb	lsqb/q6.sql	query/lsqb_duckdb/q6/query.sql	b8ed9ac79c006ec18b3928ebb946fe3ec817f1a7b8c5de20a4c838e65a6fcc76	b8ed9ac79c006ec18b3928ebb946fe3ec817f1a7b8c5de20a4c838e65a6fcc76	query/lsqb_duckdb/q6/rewriteYa0.sql	lsqb_yannakakis_rewrite/q6_rewriteYa0.sql	adapted_duckdb_empty_count
lsqb	lsqb/q7.sql	query/lsqb_duckdb/q7/query.sql	b2a2b559316430573272d96f334e34760e56ee3d9b66a5310fb935414e9044db	32a0ee54abec497bb957ea701c864dd5e18ec2f24bc5c12952db9984333bc7a4	query/lsqb_duckdb/q7/rewriteYa17.sql	lsqb_yannakakis_rewrite/q7_rewriteYa17.sql	adapted_duckdb_relation_suffix
lsqb	lsqb/q8.sql	query/lsqb_duckdb/q8/query.sql	be5564e07269e5394626205bc3d9f0a3a4c2315b385eacb806ff5399c2de0a26	b49262fcc743a3c7f6bcf15f844c33578d54bfbbe33c243d39d373370b116810	query/lsqb_duckdb/q8/rewriteYa0.sql	lsqb_yannakakis_rewrite/q8_rewriteYa0.sql	adapted_duckdb_relation_suffix
lsqb	lsqb/q9.sql	query/lsqb_duckdb/q9/query.sql	3c7c2323a9c401cc36d0a22c42af927fea83049c2f76db2b0113e7f14d3fb145	3c7c2323a9c401cc36d0a22c42af927fea83049c2f76db2b0113e7f14d3fb145	query/lsqb_duckdb/q9/rewriteYa1.sql	lsqb_yannakakis_rewrite/q9_rewriteYa1.sql	adapted_duckdb_empty_count
tpch	tpch/10.sql	query/tpch_duckdb/q10/query.sql	c89b35dc31e3c1c9dcd223208cfd43201069f710cdf033d8c7ccc58625673f95	f87b4d98c61a803b7f1209461028ee9e8cd657597ea2fde4b7ab64ec32113a69	query/tpch_duckdb/q10/rewriteYa0.sql	tpch_yannakakis_rewrite/10_rewriteYa0.sql	adapted_duckdb_local_semantics
tpch	tpch/10.sql	query/tpch_duckdb/q10/query.sql	c89b35dc31e3c1c9dcd223208cfd43201069f710cdf033d8c7ccc58625673f95	f87b4d98c61a803b7f1209461028ee9e8cd657597ea2fde4b7ab64ec32113a69	query/tpch_duckdb/q10/rewriteYa1.sql	tpch_yannakakis_rewrite/10_rewriteYa1.sql	adapted_duckdb_local_semantics
tpch	tpch/10.sql	query/tpch_duckdb/q10/query.sql	c89b35dc31e3c1c9dcd223208cfd43201069f710cdf033d8c7ccc58625673f95	f87b4d98c61a803b7f1209461028ee9e8cd657597ea2fde4b7ab64ec32113a69	query/tpch_duckdb/q10/rewriteYa2.sql	tpch_yannakakis_rewrite/10_rewriteYa2.sql	adapted_duckdb_local_semantics
tpch	tpch/11.sql	query/tpch_duckdb/q11/query.sql	cae58c27008277e890c34f1e24e8c2c783992f29b3d5ea3a01f542f80c087154	cae58c27008277e890c34f1e24e8c2c783992f29b3d5ea3a01f542f80c087154	query/tpch_duckdb/q11/rewriteYa0.sql	tpch_yannakakis_rewrite/11_rewriteYa0.sql	copied
tpch	tpch/16.sql	query/tpch_duckdb/q16/query.sql	23a25d038f47c69a5cdf38f3d50ff9eaf3e94c0ba8f819f99bc5d3ecff813522	5aa4750e69e05ac3dd09d75380d0f4284768f76f34880e0fc28392682d9ac497	query/tpch_duckdb/q16/rewriteYa0.sql	tpch_yannakakis_rewrite/16_rewriteYa0.sql	adapted_duckdb_local_semantics
tpch	tpch/16.sql	query/tpch_duckdb/q16/query.sql	23a25d038f47c69a5cdf38f3d50ff9eaf3e94c0ba8f819f99bc5d3ecff813522	5aa4750e69e05ac3dd09d75380d0f4284768f76f34880e0fc28392682d9ac497	query/tpch_duckdb/q16/rewriteYa1.sql	tpch_yannakakis_rewrite/16_rewriteYa1.sql	adapted_duckdb_local_semantics
tpch	tpch/18.sql	query/tpch_duckdb/q18/query.sql	9f57c8607984fe4e04580b8af33e87311097cee879ec4c6f8b11722cde0e5b86	9f57c8607984fe4e04580b8af33e87311097cee879ec4c6f8b11722cde0e5b86	query/tpch_duckdb/q18/rewriteYa0.sql	tpch_yannakakis_rewrite/18_rewriteYa0.sql	adapted_duckdb_self_contained
tpch	tpch/18.sql	query/tpch_duckdb/q18/query.sql	9f57c8607984fe4e04580b8af33e87311097cee879ec4c6f8b11722cde0e5b86	9f57c8607984fe4e04580b8af33e87311097cee879ec4c6f8b11722cde0e5b86	query/tpch_duckdb/q18/rewriteYa1.sql	tpch_yannakakis_rewrite/18_rewriteYa1.sql	adapted_duckdb_self_contained
tpch	tpch/18.sql	query/tpch_duckdb/q18/query.sql	9f57c8607984fe4e04580b8af33e87311097cee879ec4c6f8b11722cde0e5b86	9f57c8607984fe4e04580b8af33e87311097cee879ec4c6f8b11722cde0e5b86	query/tpch_duckdb/q18/rewriteYa2.sql	tpch_yannakakis_rewrite/18_rewriteYa2.sql	adapted_duckdb_self_contained
tpch	tpch/18.sql	query/tpch_duckdb/q18/query.sql	9f57c8607984fe4e04580b8af33e87311097cee879ec4c6f8b11722cde0e5b86	9f57c8607984fe4e04580b8af33e87311097cee879ec4c6f8b11722cde0e5b86	query/tpch_duckdb/q18/rewriteYa3.sql	tpch_yannakakis_rewrite/18_rewriteYa3.sql	adapted_duckdb_self_contained
tpch	tpch/5.sql	query/tpch_duckdb/q5/query.sql	4a682036e0fc25d0eaecc7408368d4582b8de964a516e909def822b55cdbdad2	7b5207e13bfb81f88c511f5860a79a00b6d7eb95e608b3ec5aedf9111e1522af	query/tpch_duckdb/q5/rewriteYa0.sql	tpch_yannakakis_rewrite/5_rewriteYa0.sql	adapted_duckdb_local_semantics
tpch	tpch/5.sql	query/tpch_duckdb/q5/query.sql	4a682036e0fc25d0eaecc7408368d4582b8de964a516e909def822b55cdbdad2	7b5207e13bfb81f88c511f5860a79a00b6d7eb95e608b3ec5aedf9111e1522af	query/tpch_duckdb/q5/rewriteYa1.sql	tpch_yannakakis_rewrite/5_rewriteYa1.sql	adapted_duckdb_local_semantics
tpch	tpch/5.sql	query/tpch_duckdb/q5/query.sql	4a682036e0fc25d0eaecc7408368d4582b8de964a516e909def822b55cdbdad2	7b5207e13bfb81f88c511f5860a79a00b6d7eb95e608b3ec5aedf9111e1522af	query/tpch_duckdb/q5/rewriteYa2.sql	tpch_yannakakis_rewrite/5_rewriteYa2.sql	adapted_duckdb_local_semantics
tpch	tpch/5.sql	query/tpch_duckdb/q5/query.sql	4a682036e0fc25d0eaecc7408368d4582b8de964a516e909def822b55cdbdad2	7b5207e13bfb81f88c511f5860a79a00b6d7eb95e608b3ec5aedf9111e1522af	query/tpch_duckdb/q5/rewriteYa3.sql	tpch_yannakakis_rewrite/5_rewriteYa3.sql	adapted_duckdb_local_semantics
tpch	tpch/7.sql	query/tpch_duckdb/q7/query.sql	bc51ffbf4e840e5b63dde8d4b32ca56c3da76deb700ab6d56639d04d3c3dbeb2	bc51ffbf4e840e5b63dde8d4b32ca56c3da76deb700ab6d56639d04d3c3dbeb2	query/tpch_duckdb/q7/rewriteYa0.sql	tpch_yannakakis_rewrite/7_rewriteYa0.sql	adapted_duckdb_self_contained
tpch	tpch/7.sql	query/tpch_duckdb/q7/query.sql	bc51ffbf4e840e5b63dde8d4b32ca56c3da76deb700ab6d56639d04d3c3dbeb2	bc51ffbf4e840e5b63dde8d4b32ca56c3da76deb700ab6d56639d04d3c3dbeb2	query/tpch_duckdb/q7/rewriteYa1.sql	tpch_yannakakis_rewrite/7_rewriteYa1.sql	adapted_duckdb_self_contained
tpch	tpch/7.sql	query/tpch_duckdb/q7/query.sql	bc51ffbf4e840e5b63dde8d4b32ca56c3da76deb700ab6d56639d04d3c3dbeb2	bc51ffbf4e840e5b63dde8d4b32ca56c3da76deb700ab6d56639d04d3c3dbeb2	query/tpch_duckdb/q7/rewriteYa2.sql	tpch_yannakakis_rewrite/7_rewriteYa2.sql	adapted_duckdb_self_contained
job	job_agg/10a.sql	query/job_duckdb/10a/query.sql	d7bed93067df77ee40d06d3cf0c58df58682ebad29ddf390bf5fa274aaf058e2	2a51043fa11a0cd352101a49cc03993085e9ba00e9f14a14fa2170820f39b90c	query/job_duckdb/10a/rewriteYa0.sql	job_yannakakis_rewrite/10a_rewriteYa0.sql	generated_duckdb_sum
job	job_agg/10a.sql	query/job_duckdb/10a/query.sql	d7bed93067df77ee40d06d3cf0c58df58682ebad29ddf390bf5fa274aaf058e2	2a51043fa11a0cd352101a49cc03993085e9ba00e9f14a14fa2170820f39b90c	query/job_duckdb/10a/rewriteYa6.sql	job_yannakakis_rewrite/10a_rewriteYa6.sql	generated_duckdb_sum
job	job_agg/10a.sql	query/job_duckdb/10a/query.sql	d7bed93067df77ee40d06d3cf0c58df58682ebad29ddf390bf5fa274aaf058e2	2a51043fa11a0cd352101a49cc03993085e9ba00e9f14a14fa2170820f39b90c	query/job_duckdb/10a/rewriteYa9.sql	job_yannakakis_rewrite/10a_rewriteYa9.sql	generated_duckdb_sum
job	job_agg/10b.sql	query/job_duckdb/10b/query.sql	9b2ff56694f94212d68f51b2b2af3f4d440dad56d8f05be53b9e68644c9daabd	25af567d90a58825b45eb2a78fec7327f81880b2b55177ac76234ac250ea1081	query/job_duckdb/10b/rewriteYa0.sql	job_yannakakis_rewrite/10b_rewriteYa0.sql	generated_duckdb_sum
job	job_agg/10b.sql	query/job_duckdb/10b/query.sql	9b2ff56694f94212d68f51b2b2af3f4d440dad56d8f05be53b9e68644c9daabd	25af567d90a58825b45eb2a78fec7327f81880b2b55177ac76234ac250ea1081	query/job_duckdb/10b/rewriteYa7.sql	job_yannakakis_rewrite/10b_rewriteYa7.sql	generated_duckdb_sum
job	job_agg/10b.sql	query/job_duckdb/10b/query.sql	9b2ff56694f94212d68f51b2b2af3f4d440dad56d8f05be53b9e68644c9daabd	25af567d90a58825b45eb2a78fec7327f81880b2b55177ac76234ac250ea1081	query/job_duckdb/10b/rewriteYa8.sql	job_yannakakis_rewrite/10b_rewriteYa8.sql	generated_duckdb_sum
job	job_agg/10b.sql	query/job_duckdb/10b/query.sql	9b2ff56694f94212d68f51b2b2af3f4d440dad56d8f05be53b9e68644c9daabd	25af567d90a58825b45eb2a78fec7327f81880b2b55177ac76234ac250ea1081	query/job_duckdb/10b/rewriteYa9.sql	job_yannakakis_rewrite/10b_rewriteYa9.sql	generated_duckdb_sum
job	job_agg/10c.sql	query/job_duckdb/10c/query.sql	a8a1db285865fa9365e17b0db50720b0bc6f3116ec3e6e04b216bbd8d9a2530e	2655344e60d0d4d2d20f564dde0afbb9e5cb6adc657023f43c303430930502ea	query/job_duckdb/10c/rewriteYa0.sql	job_yannakakis_rewrite/10c_rewriteYa0.sql	generated_duckdb_sum
job	job_agg/10c.sql	query/job_duckdb/10c/query.sql	a8a1db285865fa9365e17b0db50720b0bc6f3116ec3e6e04b216bbd8d9a2530e	2655344e60d0d4d2d20f564dde0afbb9e5cb6adc657023f43c303430930502ea	query/job_duckdb/10c/rewriteYa7.sql	job_yannakakis_rewrite/10c_rewriteYa7.sql	generated_duckdb_sum
job	job_agg/10c.sql	query/job_duckdb/10c/query.sql	a8a1db285865fa9365e17b0db50720b0bc6f3116ec3e6e04b216bbd8d9a2530e	2655344e60d0d4d2d20f564dde0afbb9e5cb6adc657023f43c303430930502ea	query/job_duckdb/10c/rewriteYa8.sql	job_yannakakis_rewrite/10c_rewriteYa8.sql	generated_duckdb_sum
job	job_agg/11a.sql	query/job_duckdb/11a/query.sql	ad71c38a63d21f3fb1ebbe073793093ff3216b0bce3be7d6fe35392ce3e70143	4f4e172c0b8a57656aa80682068755949206c9cf7890c7697617e88a49ae6ca9	query/job_duckdb/11a/rewriteYa0.sql	job_yannakakis_rewrite/11a_rewriteYa0.sql	generated_duckdb_sum
job	job_agg/11b.sql	query/job_duckdb/11b/query.sql	4415848dbb5e783248e55b8ccdcb0de79d7ed229bc29028c0b94c8dceb573df3	8b18fa7b984e0b6ce73665565dcb300287a89cec4882b7a2b43ebb3943148dfe	query/job_duckdb/11b/rewriteYa0.sql	job_yannakakis_rewrite/11b_rewriteYa0.sql	generated_duckdb_sum
job	job_agg/11c.sql	query/job_duckdb/11c/query.sql	463594dbac42a0f67326bdb3d03b770220ec52440a1cc27975a1ac6b1824c541	bba8737e1d2f9fe8f6481420969853997a4edd318e504e637daa9bdb0300fee5	query/job_duckdb/11c/rewriteYa15.sql	job_yannakakis_rewrite/11c_rewriteYa15.sql	generated_duckdb_sum
job	job_agg/11c.sql	query/job_duckdb/11c/query.sql	463594dbac42a0f67326bdb3d03b770220ec52440a1cc27975a1ac6b1824c541	bba8737e1d2f9fe8f6481420969853997a4edd318e504e637daa9bdb0300fee5	query/job_duckdb/11c/rewriteYa31.sql	job_yannakakis_rewrite/11c_rewriteYa31.sql	generated_duckdb_sum
job	job_agg/11c.sql	query/job_duckdb/11c/query.sql	463594dbac42a0f67326bdb3d03b770220ec52440a1cc27975a1ac6b1824c541	bba8737e1d2f9fe8f6481420969853997a4edd318e504e637daa9bdb0300fee5	query/job_duckdb/11c/rewriteYa37.sql	job_yannakakis_rewrite/11c_rewriteYa37.sql	generated_duckdb_sum
job	job_agg/11d.sql	query/job_duckdb/11d/query.sql	0c0f76bda12f7802fb6ebe9a6155c8ed771b19bf389b4080686bf1f944ff4d59	283b9d8aa54570241cb595ed714d675255a6ea271dfc492c1fa6881f2f1a1a5b	query/job_duckdb/11d/rewriteYa15.sql	job_yannakakis_rewrite/11d_rewriteYa15.sql	generated_duckdb_sum
job	job_agg/11d.sql	query/job_duckdb/11d/query.sql	0c0f76bda12f7802fb6ebe9a6155c8ed771b19bf389b4080686bf1f944ff4d59	283b9d8aa54570241cb595ed714d675255a6ea271dfc492c1fa6881f2f1a1a5b	query/job_duckdb/11d/rewriteYa29.sql	job_yannakakis_rewrite/11d_rewriteYa29.sql	generated_duckdb_sum
job	job_agg/11d.sql	query/job_duckdb/11d/query.sql	0c0f76bda12f7802fb6ebe9a6155c8ed771b19bf389b4080686bf1f944ff4d59	283b9d8aa54570241cb595ed714d675255a6ea271dfc492c1fa6881f2f1a1a5b	query/job_duckdb/11d/rewriteYa33.sql	job_yannakakis_rewrite/11d_rewriteYa33.sql	generated_duckdb_sum
job	job_agg/12a.sql	query/job_duckdb/12a/query.sql	4f608c38a385f7fda8606dc6065261ae4d3b66b0a298ba043629d5f7169b30e9	b1909d3da9822c4f166de0611b126d3d2b915f8d5cb99bf29252062b0aa49905	query/job_duckdb/12a/rewriteYa39.sql	job_yannakakis_rewrite/12a_rewriteYa39.sql	generated_duckdb_sum
job	job_agg/12a.sql	query/job_duckdb/12a/query.sql	4f608c38a385f7fda8606dc6065261ae4d3b66b0a298ba043629d5f7169b30e9	b1909d3da9822c4f166de0611b126d3d2b915f8d5cb99bf29252062b0aa49905	query/job_duckdb/12a/rewriteYa42.sql	job_yannakakis_rewrite/12a_rewriteYa42.sql	generated_duckdb_sum
job	job_agg/12a.sql	query/job_duckdb/12a/query.sql	4f608c38a385f7fda8606dc6065261ae4d3b66b0a298ba043629d5f7169b30e9	b1909d3da9822c4f166de0611b126d3d2b915f8d5cb99bf29252062b0aa49905	query/job_duckdb/12a/rewriteYa9.sql	job_yannakakis_rewrite/12a_rewriteYa9.sql	generated_duckdb_sum
job	job_agg/12b.sql	query/job_duckdb/12b/query.sql	3a18e2d7c4e87285cc9db0a6df2504c73216115655c1152e2fe65aa8aa8a62bc	31b74ed066dcbe29a8e10b0040b80e2602b335c0f146a5f16402769156d6fc1a	query/job_duckdb/12b/rewriteYa13.sql	job_yannakakis_rewrite/12b_rewriteYa13.sql	generated_duckdb_sum
job	job_agg/12b.sql	query/job_duckdb/12b/query.sql	3a18e2d7c4e87285cc9db0a6df2504c73216115655c1152e2fe65aa8aa8a62bc	31b74ed066dcbe29a8e10b0040b80e2602b335c0f146a5f16402769156d6fc1a	query/job_duckdb/12b/rewriteYa18.sql	job_yannakakis_rewrite/12b_rewriteYa18.sql	generated_duckdb_sum
job	job_agg/12b.sql	query/job_duckdb/12b/query.sql	3a18e2d7c4e87285cc9db0a6df2504c73216115655c1152e2fe65aa8aa8a62bc	31b74ed066dcbe29a8e10b0040b80e2602b335c0f146a5f16402769156d6fc1a	query/job_duckdb/12b/rewriteYa2.sql	job_yannakakis_rewrite/12b_rewriteYa2.sql	generated_duckdb_sum
job	job_agg/12b.sql	query/job_duckdb/12b/query.sql	3a18e2d7c4e87285cc9db0a6df2504c73216115655c1152e2fe65aa8aa8a62bc	31b74ed066dcbe29a8e10b0040b80e2602b335c0f146a5f16402769156d6fc1a	query/job_duckdb/12b/rewriteYa27.sql	job_yannakakis_rewrite/12b_rewriteYa27.sql	generated_duckdb_sum
job	job_agg/12c.sql	query/job_duckdb/12c/query.sql	adfcfa2580249daff4da4122e50d3d9c13ff30e79399cf45ffa3e591bfc9d5e9	1f925a7b08ba3c60d49902e2f62b86c75b3c7414a22d4fa2943af1e26d89bff3	query/job_duckdb/12c/rewriteYa25.sql	job_yannakakis_rewrite/12c_rewriteYa25.sql	generated_duckdb_sum
job	job_agg/12c.sql	query/job_duckdb/12c/query.sql	adfcfa2580249daff4da4122e50d3d9c13ff30e79399cf45ffa3e591bfc9d5e9	1f925a7b08ba3c60d49902e2f62b86c75b3c7414a22d4fa2943af1e26d89bff3	query/job_duckdb/12c/rewriteYa34.sql	job_yannakakis_rewrite/12c_rewriteYa34.sql	generated_duckdb_sum
job	job_agg/12c.sql	query/job_duckdb/12c/query.sql	adfcfa2580249daff4da4122e50d3d9c13ff30e79399cf45ffa3e591bfc9d5e9	1f925a7b08ba3c60d49902e2f62b86c75b3c7414a22d4fa2943af1e26d89bff3	query/job_duckdb/12c/rewriteYa42.sql	job_yannakakis_rewrite/12c_rewriteYa42.sql	generated_duckdb_sum
job	job_agg/13a.sql	query/job_duckdb/13a/query.sql	41a0cd5bc7cb2b14646e50ab7baa70eafb898c9587e2f3eb28399c034a9e7461	847f1221fc0bbe058f9c6c6bf415bac2b4bb4e0e4a28e0aaadcdf9db39eec693	query/job_duckdb/13a/rewriteYa0.sql	job_yannakakis_rewrite/13a_rewriteYa0.sql	generated_duckdb_sum
job	job_agg/13b.sql	query/job_duckdb/13b/query.sql	b55cd3bff7c7ebe601dd7e274b5dcc6bd484f17e8c6374a5910f539a6a4c210d	07571890d86d76824bc36f8b61f06b49aaf4cd0e49c900947eec1e807617d9a8	query/job_duckdb/13b/rewriteYa0.sql	job_yannakakis_rewrite/13b_rewriteYa0.sql	generated_duckdb_sum
job	job_agg/13c.sql	query/job_duckdb/13c/query.sql	c5fe142f7b026d3af450f5ab8aafb1c1b85f01e6c2b51ea8d946e70284b32823	94f66afed82eda8672d1a5fcf7daac8bbdecef34faea94c91f5d4b5cfd5c5c19	query/job_duckdb/13c/rewriteYa0.sql	job_yannakakis_rewrite/13c_rewriteYa0.sql	generated_duckdb_sum
job	job_agg/13d.sql	query/job_duckdb/13d/query.sql	de7cdb28f2a4b124494ec7c8d0e86418364efded332674ee5f80015fde0cbcfd	62c9aec0b20d99fe4c4a133af2244ab9e22f6ce289f2aa0e0f5c45d9b5765267	query/job_duckdb/13d/rewriteYa0.sql	job_yannakakis_rewrite/13d_rewriteYa0.sql	generated_duckdb_sum
job	job_agg/14a.sql	query/job_duckdb/14a/query.sql	ead19b2ce80c5290d06aeeb0ed6c5b84d851e169f9a2f7bf477d9d5d74f9772e	0a9dcbcddcd5c88f7455072ee146fa1cd4c473b569d5bffed74ea59efefea986	query/job_duckdb/14a/rewriteYa11.sql	job_yannakakis_rewrite/14a_rewriteYa11.sql	generated_duckdb_sum
job	job_agg/14a.sql	query/job_duckdb/14a/query.sql	ead19b2ce80c5290d06aeeb0ed6c5b84d851e169f9a2f7bf477d9d5d74f9772e	0a9dcbcddcd5c88f7455072ee146fa1cd4c473b569d5bffed74ea59efefea986	query/job_duckdb/14a/rewriteYa29.sql	job_yannakakis_rewrite/14a_rewriteYa29.sql	generated_duckdb_sum
job	job_agg/14a.sql	query/job_duckdb/14a/query.sql	ead19b2ce80c5290d06aeeb0ed6c5b84d851e169f9a2f7bf477d9d5d74f9772e	0a9dcbcddcd5c88f7455072ee146fa1cd4c473b569d5bffed74ea59efefea986	query/job_duckdb/14a/rewriteYa30.sql	job_yannakakis_rewrite/14a_rewriteYa30.sql	generated_duckdb_sum
job	job_agg/14a.sql	query/job_duckdb/14a/query.sql	ead19b2ce80c5290d06aeeb0ed6c5b84d851e169f9a2f7bf477d9d5d74f9772e	0a9dcbcddcd5c88f7455072ee146fa1cd4c473b569d5bffed74ea59efefea986	query/job_duckdb/14a/rewriteYa6.sql	job_yannakakis_rewrite/14a_rewriteYa6.sql	generated_duckdb_sum
job	job_agg/14b.sql	query/job_duckdb/14b/query.sql	5a6705569f06eedade1ea8a5bffc0ed2f3d1de1ff2fe7b4d4a9f40ab5dcd9013	9c718dce85b6d0cae46d077cff54b6471ffac25aa2ca14c169400349bdc95c7b	query/job_duckdb/14b/rewriteYa19.sql	job_yannakakis_rewrite/14b_rewriteYa19.sql	generated_duckdb_sum
job	job_agg/14b.sql	query/job_duckdb/14b/query.sql	5a6705569f06eedade1ea8a5bffc0ed2f3d1de1ff2fe7b4d4a9f40ab5dcd9013	9c718dce85b6d0cae46d077cff54b6471ffac25aa2ca14c169400349bdc95c7b	query/job_duckdb/14b/rewriteYa21.sql	job_yannakakis_rewrite/14b_rewriteYa21.sql	generated_duckdb_sum
job	job_agg/14b.sql	query/job_duckdb/14b/query.sql	5a6705569f06eedade1ea8a5bffc0ed2f3d1de1ff2fe7b4d4a9f40ab5dcd9013	9c718dce85b6d0cae46d077cff54b6471ffac25aa2ca14c169400349bdc95c7b	query/job_duckdb/14b/rewriteYa26.sql	job_yannakakis_rewrite/14b_rewriteYa26.sql	generated_duckdb_sum
job	job_agg/14b.sql	query/job_duckdb/14b/query.sql	5a6705569f06eedade1ea8a5bffc0ed2f3d1de1ff2fe7b4d4a9f40ab5dcd9013	9c718dce85b6d0cae46d077cff54b6471ffac25aa2ca14c169400349bdc95c7b	query/job_duckdb/14b/rewriteYa31.sql	job_yannakakis_rewrite/14b_rewriteYa31.sql	generated_duckdb_sum
job	job_agg/14c.sql	query/job_duckdb/14c/query.sql	ba8f45271374be133c70e6f6f7e7dac4ede86053d008fffc7c05d026532a427f	289e3e3d0b0442e8d26cc8982a59e4327d3f4ed585e7eeea0a7421b29367756c	query/job_duckdb/14c/rewriteYa16.sql	job_yannakakis_rewrite/14c_rewriteYa16.sql	generated_duckdb_sum
job	job_agg/14c.sql	query/job_duckdb/14c/query.sql	ba8f45271374be133c70e6f6f7e7dac4ede86053d008fffc7c05d026532a427f	289e3e3d0b0442e8d26cc8982a59e4327d3f4ed585e7eeea0a7421b29367756c	query/job_duckdb/14c/rewriteYa17.sql	job_yannakakis_rewrite/14c_rewriteYa17.sql	generated_duckdb_sum
job	job_agg/14c.sql	query/job_duckdb/14c/query.sql	ba8f45271374be133c70e6f6f7e7dac4ede86053d008fffc7c05d026532a427f	289e3e3d0b0442e8d26cc8982a59e4327d3f4ed585e7eeea0a7421b29367756c	query/job_duckdb/14c/rewriteYa5.sql	job_yannakakis_rewrite/14c_rewriteYa5.sql	generated_duckdb_sum
job	job_agg/15a.sql	query/job_duckdb/15a/query.sql	e48a577d91ce98efac20ee57b15029dbec19af922514069070cf7a25d115d49c	7f23d712dcbda158796e58c208aa0a0af55e162101ff82ac030338cd2f8d4101	query/job_duckdb/15a/rewriteYa143.sql	job_yannakakis_rewrite/15a_rewriteYa143.sql	generated_duckdb_sum
job	job_agg/15a.sql	query/job_duckdb/15a/query.sql	e48a577d91ce98efac20ee57b15029dbec19af922514069070cf7a25d115d49c	7f23d712dcbda158796e58c208aa0a0af55e162101ff82ac030338cd2f8d4101	query/job_duckdb/15a/rewriteYa181.sql	job_yannakakis_rewrite/15a_rewriteYa181.sql	generated_duckdb_sum
job	job_agg/15a.sql	query/job_duckdb/15a/query.sql	e48a577d91ce98efac20ee57b15029dbec19af922514069070cf7a25d115d49c	7f23d712dcbda158796e58c208aa0a0af55e162101ff82ac030338cd2f8d4101	query/job_duckdb/15a/rewriteYa44.sql	job_yannakakis_rewrite/15a_rewriteYa44.sql	generated_duckdb_sum
job	job_agg/15a.sql	query/job_duckdb/15a/query.sql	e48a577d91ce98efac20ee57b15029dbec19af922514069070cf7a25d115d49c	7f23d712dcbda158796e58c208aa0a0af55e162101ff82ac030338cd2f8d4101	query/job_duckdb/15a/rewriteYa58.sql	job_yannakakis_rewrite/15a_rewriteYa58.sql	generated_duckdb_sum
job	job_agg/15b.sql	query/job_duckdb/15b/query.sql	3dc4596828b42c725d0dbff0ce4842241be118d13c8f2bd62067f9f8ffe4baa1	27063e53aef424d478c7d71ad1d1b71c5f7c9440b5d1a19696c4c8e85331cfe2	query/job_duckdb/15b/rewriteYa101.sql	job_yannakakis_rewrite/15b_rewriteYa101.sql	generated_duckdb_sum
job	job_agg/15b.sql	query/job_duckdb/15b/query.sql	3dc4596828b42c725d0dbff0ce4842241be118d13c8f2bd62067f9f8ffe4baa1	27063e53aef424d478c7d71ad1d1b71c5f7c9440b5d1a19696c4c8e85331cfe2	query/job_duckdb/15b/rewriteYa117.sql	job_yannakakis_rewrite/15b_rewriteYa117.sql	generated_duckdb_sum
job	job_agg/15b.sql	query/job_duckdb/15b/query.sql	3dc4596828b42c725d0dbff0ce4842241be118d13c8f2bd62067f9f8ffe4baa1	27063e53aef424d478c7d71ad1d1b71c5f7c9440b5d1a19696c4c8e85331cfe2	query/job_duckdb/15b/rewriteYa146.sql	job_yannakakis_rewrite/15b_rewriteYa146.sql	generated_duckdb_sum
job	job_agg/15b.sql	query/job_duckdb/15b/query.sql	3dc4596828b42c725d0dbff0ce4842241be118d13c8f2bd62067f9f8ffe4baa1	27063e53aef424d478c7d71ad1d1b71c5f7c9440b5d1a19696c4c8e85331cfe2	query/job_duckdb/15b/rewriteYa87.sql	job_yannakakis_rewrite/15b_rewriteYa87.sql	generated_duckdb_sum
job	job_agg/15c.sql	query/job_duckdb/15c/query.sql	94eecdb18e88f2bb5f05db66fbb2ce4860cbb7b855f846385efefbd55e8f4c69	87e57156b676e5066527c531de7c4f07bb30060dc54e1e497c1fcf58cfa4f3ab	query/job_duckdb/15c/rewriteYa122.sql	job_yannakakis_rewrite/15c_rewriteYa122.sql	generated_duckdb_sum
job	job_agg/15c.sql	query/job_duckdb/15c/query.sql	94eecdb18e88f2bb5f05db66fbb2ce4860cbb7b855f846385efefbd55e8f4c69	87e57156b676e5066527c531de7c4f07bb30060dc54e1e497c1fcf58cfa4f3ab	query/job_duckdb/15c/rewriteYa149.sql	job_yannakakis_rewrite/15c_rewriteYa149.sql	generated_duckdb_sum
job	job_agg/15c.sql	query/job_duckdb/15c/query.sql	94eecdb18e88f2bb5f05db66fbb2ce4860cbb7b855f846385efefbd55e8f4c69	87e57156b676e5066527c531de7c4f07bb30060dc54e1e497c1fcf58cfa4f3ab	query/job_duckdb/15c/rewriteYa195.sql	job_yannakakis_rewrite/15c_rewriteYa195.sql	generated_duckdb_sum
job	job_agg/15d.sql	query/job_duckdb/15d/query.sql	0ef70878d06805320587fdd5ebfeb457c2b9f1e548959fc0ad5831b10b39711e	e14581e4e8153bf17c4041ee2230ccfccf14b3411e523e74bb58e324febc34e1	query/job_duckdb/15d/rewriteYa149.sql	job_yannakakis_rewrite/15d_rewriteYa149.sql	generated_duckdb_sum
job	job_agg/15d.sql	query/job_duckdb/15d/query.sql	0ef70878d06805320587fdd5ebfeb457c2b9f1e548959fc0ad5831b10b39711e	e14581e4e8153bf17c4041ee2230ccfccf14b3411e523e74bb58e324febc34e1	query/job_duckdb/15d/rewriteYa177.sql	job_yannakakis_rewrite/15d_rewriteYa177.sql	generated_duckdb_sum
job	job_agg/15d.sql	query/job_duckdb/15d/query.sql	0ef70878d06805320587fdd5ebfeb457c2b9f1e548959fc0ad5831b10b39711e	e14581e4e8153bf17c4041ee2230ccfccf14b3411e523e74bb58e324febc34e1	query/job_duckdb/15d/rewriteYa38.sql	job_yannakakis_rewrite/15d_rewriteYa38.sql	generated_duckdb_sum
job	job_agg/15d.sql	query/job_duckdb/15d/query.sql	0ef70878d06805320587fdd5ebfeb457c2b9f1e548959fc0ad5831b10b39711e	e14581e4e8153bf17c4041ee2230ccfccf14b3411e523e74bb58e324febc34e1	query/job_duckdb/15d/rewriteYa48.sql	job_yannakakis_rewrite/15d_rewriteYa48.sql	generated_duckdb_sum
job	job_agg/16a.sql	query/job_duckdb/16a/query.sql	4ffcd451de22d7e66dba04b44ec92e049bbefb2f739289a08907c0c26611c383	28bc4a08943cc11ec35496e47626a7eb811d4987dc1ddc5ee2fe6767d9ccb42a	query/job_duckdb/16a/rewriteYa0.sql	job_yannakakis_rewrite/16a_rewriteYa0.sql	generated_duckdb_sum
job	job_agg/16b.sql	query/job_duckdb/16b/query.sql	e44386a36a4dfac1165bada42daa395a26604aff7244bcc621e38ada39f94fd3	b56dac0e12e069fa4bd855d07738b904777c65e83ede5e8c42779c3cec9b9544	query/job_duckdb/16b/rewriteYa11.sql	job_yannakakis_rewrite/16b_rewriteYa11.sql	generated_duckdb_sum
job	job_agg/16b.sql	query/job_duckdb/16b/query.sql	e44386a36a4dfac1165bada42daa395a26604aff7244bcc621e38ada39f94fd3	b56dac0e12e069fa4bd855d07738b904777c65e83ede5e8c42779c3cec9b9544	query/job_duckdb/16b/rewriteYa12.sql	job_yannakakis_rewrite/16b_rewriteYa12.sql	generated_duckdb_sum
job	job_agg/16b.sql	query/job_duckdb/16b/query.sql	e44386a36a4dfac1165bada42daa395a26604aff7244bcc621e38ada39f94fd3	b56dac0e12e069fa4bd855d07738b904777c65e83ede5e8c42779c3cec9b9544	query/job_duckdb/16b/rewriteYa64.sql	job_yannakakis_rewrite/16b_rewriteYa64.sql	generated_duckdb_sum
job	job_agg/16b.sql	query/job_duckdb/16b/query.sql	e44386a36a4dfac1165bada42daa395a26604aff7244bcc621e38ada39f94fd3	b56dac0e12e069fa4bd855d07738b904777c65e83ede5e8c42779c3cec9b9544	query/job_duckdb/16b/rewriteYa77.sql	job_yannakakis_rewrite/16b_rewriteYa77.sql	generated_duckdb_sum
job	job_agg/16c.sql	query/job_duckdb/16c/query.sql	8438ce154b93e90d694f0dc9779f853eeb671ca2e4d956aa3775524cdca3d2de	f9a86f7eaf4f7c0748487273c4212c4a1e7eef5b78b8f9963c23a08ce636d6d4	query/job_duckdb/16c/rewriteYa42.sql	job_yannakakis_rewrite/16c_rewriteYa42.sql	generated_duckdb_sum
job	job_agg/16c.sql	query/job_duckdb/16c/query.sql	8438ce154b93e90d694f0dc9779f853eeb671ca2e4d956aa3775524cdca3d2de	f9a86f7eaf4f7c0748487273c4212c4a1e7eef5b78b8f9963c23a08ce636d6d4	query/job_duckdb/16c/rewriteYa47.sql	job_yannakakis_rewrite/16c_rewriteYa47.sql	generated_duckdb_sum
job	job_agg/16c.sql	query/job_duckdb/16c/query.sql	8438ce154b93e90d694f0dc9779f853eeb671ca2e4d956aa3775524cdca3d2de	f9a86f7eaf4f7c0748487273c4212c4a1e7eef5b78b8f9963c23a08ce636d6d4	query/job_duckdb/16c/rewriteYa76.sql	job_yannakakis_rewrite/16c_rewriteYa76.sql	generated_duckdb_sum
job	job_agg/16d.sql	query/job_duckdb/16d/query.sql	67e5fa623abadfdd7f3deebbea8be60a6bd98b275235715173696bef36183c5c	068b2b1b2986f71caca7438495231d53a773c7afd2703ab1a357c9b913a23954	query/job_duckdb/16d/rewriteYa23.sql	job_yannakakis_rewrite/16d_rewriteYa23.sql	generated_duckdb_sum
job	job_agg/16d.sql	query/job_duckdb/16d/query.sql	67e5fa623abadfdd7f3deebbea8be60a6bd98b275235715173696bef36183c5c	068b2b1b2986f71caca7438495231d53a773c7afd2703ab1a357c9b913a23954	query/job_duckdb/16d/rewriteYa37.sql	job_yannakakis_rewrite/16d_rewriteYa37.sql	generated_duckdb_sum
job	job_agg/16d.sql	query/job_duckdb/16d/query.sql	67e5fa623abadfdd7f3deebbea8be60a6bd98b275235715173696bef36183c5c	068b2b1b2986f71caca7438495231d53a773c7afd2703ab1a357c9b913a23954	query/job_duckdb/16d/rewriteYa64.sql	job_yannakakis_rewrite/16d_rewriteYa64.sql	generated_duckdb_sum
job	job_agg/17a.sql	query/job_duckdb/17a/query.sql	74869cace19c3a86f99540d63d05e8dfc5c745ac840c141ee97c4fbf49ae122a	6d893028cb6ba80fd1e8ced9be5678bc9e60b516e91f86ff379e67fd863d37b0	query/job_duckdb/17a/rewriteYa24.sql	job_yannakakis_rewrite/17a_rewriteYa24.sql	generated_duckdb_sum
job	job_agg/17a.sql	query/job_duckdb/17a/query.sql	74869cace19c3a86f99540d63d05e8dfc5c745ac840c141ee97c4fbf49ae122a	6d893028cb6ba80fd1e8ced9be5678bc9e60b516e91f86ff379e67fd863d37b0	query/job_duckdb/17a/rewriteYa30.sql	job_yannakakis_rewrite/17a_rewriteYa30.sql	generated_duckdb_sum
job	job_agg/17a.sql	query/job_duckdb/17a/query.sql	74869cace19c3a86f99540d63d05e8dfc5c745ac840c141ee97c4fbf49ae122a	6d893028cb6ba80fd1e8ced9be5678bc9e60b516e91f86ff379e67fd863d37b0	query/job_duckdb/17a/rewriteYa5.sql	job_yannakakis_rewrite/17a_rewriteYa5.sql	generated_duckdb_sum
job	job_agg/17a.sql	query/job_duckdb/17a/query.sql	74869cace19c3a86f99540d63d05e8dfc5c745ac840c141ee97c4fbf49ae122a	6d893028cb6ba80fd1e8ced9be5678bc9e60b516e91f86ff379e67fd863d37b0	query/job_duckdb/17a/rewriteYa8.sql	job_yannakakis_rewrite/17a_rewriteYa8.sql	generated_duckdb_sum
job	job_agg/17b.sql	query/job_duckdb/17b/query.sql	e0967b93a798eb5aec4712de88ad0e2795a700178b257add6dc61b2eec1c3f88	954c1be84f883b87125cf79499c4e6a0dfb696e2dce17b19ebd0ddb417824743	query/job_duckdb/17b/rewriteYa21.sql	job_yannakakis_rewrite/17b_rewriteYa21.sql	generated_duckdb_sum
job	job_agg/17b.sql	query/job_duckdb/17b/query.sql	e0967b93a798eb5aec4712de88ad0e2795a700178b257add6dc61b2eec1c3f88	954c1be84f883b87125cf79499c4e6a0dfb696e2dce17b19ebd0ddb417824743	query/job_duckdb/17b/rewriteYa27.sql	job_yannakakis_rewrite/17b_rewriteYa27.sql	generated_duckdb_sum
job	job_agg/17b.sql	query/job_duckdb/17b/query.sql	e0967b93a798eb5aec4712de88ad0e2795a700178b257add6dc61b2eec1c3f88	954c1be84f883b87125cf79499c4e6a0dfb696e2dce17b19ebd0ddb417824743	query/job_duckdb/17b/rewriteYa30.sql	job_yannakakis_rewrite/17b_rewriteYa30.sql	generated_duckdb_sum
job	job_agg/17b.sql	query/job_duckdb/17b/query.sql	e0967b93a798eb5aec4712de88ad0e2795a700178b257add6dc61b2eec1c3f88	954c1be84f883b87125cf79499c4e6a0dfb696e2dce17b19ebd0ddb417824743	query/job_duckdb/17b/rewriteYa9.sql	job_yannakakis_rewrite/17b_rewriteYa9.sql	generated_duckdb_sum
job	job_agg/17c.sql	query/job_duckdb/17c/query.sql	8e8c637e981cde06d9066571329fc6c9954c5229aef399038c3431d36d2c92e3	cb707dcc0cb49cce4e8efbbfb2c191897fc659d100ef703730955a67ef203673	query/job_duckdb/17c/rewriteYa11.sql	job_yannakakis_rewrite/17c_rewriteYa11.sql	generated_duckdb_sum
job	job_agg/17c.sql	query/job_duckdb/17c/query.sql	8e8c637e981cde06d9066571329fc6c9954c5229aef399038c3431d36d2c92e3	cb707dcc0cb49cce4e8efbbfb2c191897fc659d100ef703730955a67ef203673	query/job_duckdb/17c/rewriteYa20.sql	job_yannakakis_rewrite/17c_rewriteYa20.sql	generated_duckdb_sum
job	job_agg/17c.sql	query/job_duckdb/17c/query.sql	8e8c637e981cde06d9066571329fc6c9954c5229aef399038c3431d36d2c92e3	cb707dcc0cb49cce4e8efbbfb2c191897fc659d100ef703730955a67ef203673	query/job_duckdb/17c/rewriteYa25.sql	job_yannakakis_rewrite/17c_rewriteYa25.sql	generated_duckdb_sum
job	job_agg/17c.sql	query/job_duckdb/17c/query.sql	8e8c637e981cde06d9066571329fc6c9954c5229aef399038c3431d36d2c92e3	cb707dcc0cb49cce4e8efbbfb2c191897fc659d100ef703730955a67ef203673	query/job_duckdb/17c/rewriteYa28.sql	job_yannakakis_rewrite/17c_rewriteYa28.sql	generated_duckdb_sum
job	job_agg/17d.sql	query/job_duckdb/17d/query.sql	4003c5569b3a361b3884138818542c28a0726f090ab92b63486d29b89e31ae34	4fee264cf6d8401048b0302fd0eebc24ff4f748245b3ba60730279e181f33646	query/job_duckdb/17d/rewriteYa22.sql	job_yannakakis_rewrite/17d_rewriteYa22.sql	generated_duckdb_sum
job	job_agg/17d.sql	query/job_duckdb/17d/query.sql	4003c5569b3a361b3884138818542c28a0726f090ab92b63486d29b89e31ae34	4fee264cf6d8401048b0302fd0eebc24ff4f748245b3ba60730279e181f33646	query/job_duckdb/17d/rewriteYa28.sql	job_yannakakis_rewrite/17d_rewriteYa28.sql	generated_duckdb_sum
job	job_agg/17d.sql	query/job_duckdb/17d/query.sql	4003c5569b3a361b3884138818542c28a0726f090ab92b63486d29b89e31ae34	4fee264cf6d8401048b0302fd0eebc24ff4f748245b3ba60730279e181f33646	query/job_duckdb/17d/rewriteYa30.sql	job_yannakakis_rewrite/17d_rewriteYa30.sql	generated_duckdb_sum
job	job_agg/17d.sql	query/job_duckdb/17d/query.sql	4003c5569b3a361b3884138818542c28a0726f090ab92b63486d29b89e31ae34	4fee264cf6d8401048b0302fd0eebc24ff4f748245b3ba60730279e181f33646	query/job_duckdb/17d/rewriteYa9.sql	job_yannakakis_rewrite/17d_rewriteYa9.sql	generated_duckdb_sum
job	job_agg/17e.sql	query/job_duckdb/17e/query.sql	9e59669b310db64f0c725fbdf34a93d665c66df6b9b1d4ca8ce0333728809f34	5a563cfed0f93b64c1c334a6b028a2140fb6e96b728b35d978a70318f5e99d0c	query/job_duckdb/17e/rewriteYa20.sql	job_yannakakis_rewrite/17e_rewriteYa20.sql	generated_duckdb_sum
job	job_agg/17e.sql	query/job_duckdb/17e/query.sql	9e59669b310db64f0c725fbdf34a93d665c66df6b9b1d4ca8ce0333728809f34	5a563cfed0f93b64c1c334a6b028a2140fb6e96b728b35d978a70318f5e99d0c	query/job_duckdb/17e/rewriteYa21.sql	job_yannakakis_rewrite/17e_rewriteYa21.sql	generated_duckdb_sum
job	job_agg/17e.sql	query/job_duckdb/17e/query.sql	9e59669b310db64f0c725fbdf34a93d665c66df6b9b1d4ca8ce0333728809f34	5a563cfed0f93b64c1c334a6b028a2140fb6e96b728b35d978a70318f5e99d0c	query/job_duckdb/17e/rewriteYa28.sql	job_yannakakis_rewrite/17e_rewriteYa28.sql	generated_duckdb_sum
job	job_agg/17e.sql	query/job_duckdb/17e/query.sql	9e59669b310db64f0c725fbdf34a93d665c66df6b9b1d4ca8ce0333728809f34	5a563cfed0f93b64c1c334a6b028a2140fb6e96b728b35d978a70318f5e99d0c	query/job_duckdb/17e/rewriteYa29.sql	job_yannakakis_rewrite/17e_rewriteYa29.sql	generated_duckdb_sum
job	job_agg/17e.sql	query/job_duckdb/17e/query.sql	9e59669b310db64f0c725fbdf34a93d665c66df6b9b1d4ca8ce0333728809f34	5a563cfed0f93b64c1c334a6b028a2140fb6e96b728b35d978a70318f5e99d0c	query/job_duckdb/17e/rewriteYa9.sql	job_yannakakis_rewrite/17e_rewriteYa9.sql	generated_duckdb_sum
job	job_agg/17f.sql	query/job_duckdb/17f/query.sql	09871707ccf503d16247b1d0de3840666b958f032f1584f982e1b46e3c76c529	5da3c3e20376e5e66085b8f386c80d6be3f7bd002be96077b495682329d1e56e	query/job_duckdb/17f/rewriteYa14.sql	job_yannakakis_rewrite/17f_rewriteYa14.sql	generated_duckdb_sum
job	job_agg/17f.sql	query/job_duckdb/17f/query.sql	09871707ccf503d16247b1d0de3840666b958f032f1584f982e1b46e3c76c529	5da3c3e20376e5e66085b8f386c80d6be3f7bd002be96077b495682329d1e56e	query/job_duckdb/17f/rewriteYa18.sql	job_yannakakis_rewrite/17f_rewriteYa18.sql	generated_duckdb_sum
job	job_agg/17f.sql	query/job_duckdb/17f/query.sql	09871707ccf503d16247b1d0de3840666b958f032f1584f982e1b46e3c76c529	5da3c3e20376e5e66085b8f386c80d6be3f7bd002be96077b495682329d1e56e	query/job_duckdb/17f/rewriteYa22.sql	job_yannakakis_rewrite/17f_rewriteYa22.sql	generated_duckdb_sum
job	job_agg/17f.sql	query/job_duckdb/17f/query.sql	09871707ccf503d16247b1d0de3840666b958f032f1584f982e1b46e3c76c529	5da3c3e20376e5e66085b8f386c80d6be3f7bd002be96077b495682329d1e56e	query/job_duckdb/17f/rewriteYa30.sql	job_yannakakis_rewrite/17f_rewriteYa30.sql	generated_duckdb_sum
job	job_agg/17f.sql	query/job_duckdb/17f/query.sql	09871707ccf503d16247b1d0de3840666b958f032f1584f982e1b46e3c76c529	5da3c3e20376e5e66085b8f386c80d6be3f7bd002be96077b495682329d1e56e	query/job_duckdb/17f/rewriteYa6.sql	job_yannakakis_rewrite/17f_rewriteYa6.sql	generated_duckdb_sum
job	job_agg/18a.sql	query/job_duckdb/18a/query.sql	c60eb8a499d27dbfe9357fef902e1c20737f737cbf57470c9fbd052fa3a89a1c	0d47173f0417a4fe9d3534e4f54e9d95f8b2a12c3702d9d4923db94d6dd4f6da	query/job_duckdb/18a/rewriteYa0.sql	job_yannakakis_rewrite/18a_rewriteYa0.sql	generated_duckdb_sum
job	job_agg/18b.sql	query/job_duckdb/18b/query.sql	80d9b69b98852b73cea668a2d2d3d9ef1e28affda0a5e66de1ab44a60ee1965d	8e20b2d00e159f73e4a2a7bf1658a08b4c9f30dca58b8e788fe2d5f5aefe42fe	query/job_duckdb/18b/rewriteYa23.sql	job_yannakakis_rewrite/18b_rewriteYa23.sql	generated_duckdb_sum
job	job_agg/18b.sql	query/job_duckdb/18b/query.sql	80d9b69b98852b73cea668a2d2d3d9ef1e28affda0a5e66de1ab44a60ee1965d	8e20b2d00e159f73e4a2a7bf1658a08b4c9f30dca58b8e788fe2d5f5aefe42fe	query/job_duckdb/18b/rewriteYa32.sql	job_yannakakis_rewrite/18b_rewriteYa32.sql	generated_duckdb_sum
job	job_agg/18b.sql	query/job_duckdb/18b/query.sql	80d9b69b98852b73cea668a2d2d3d9ef1e28affda0a5e66de1ab44a60ee1965d	8e20b2d00e159f73e4a2a7bf1658a08b4c9f30dca58b8e788fe2d5f5aefe42fe	query/job_duckdb/18b/rewriteYa39.sql	job_yannakakis_rewrite/18b_rewriteYa39.sql	generated_duckdb_sum
job	job_agg/18b.sql	query/job_duckdb/18b/query.sql	80d9b69b98852b73cea668a2d2d3d9ef1e28affda0a5e66de1ab44a60ee1965d	8e20b2d00e159f73e4a2a7bf1658a08b4c9f30dca58b8e788fe2d5f5aefe42fe	query/job_duckdb/18b/rewriteYa9.sql	job_yannakakis_rewrite/18b_rewriteYa9.sql	generated_duckdb_sum
job	job_agg/18c.sql	query/job_duckdb/18c/query.sql	3cc6ddead7195c8782df434268fba8c4ec4ea376dfedeea23c54e33cc4bd57fe	530558d5f6c490e8b29abae7e14fbca749310c3d57856da63f11c22562546309	query/job_duckdb/18c/rewriteYa0.sql	job_yannakakis_rewrite/18c_rewriteYa0.sql	generated_duckdb_sum
job	job_agg/19a.sql	query/job_duckdb/19a/query.sql	c28206730d8c846c4b33036a9861fe133bff7b214a9aeddcec312c58f8177559	8d2f82fcc349fc67f655cf1ca1d62d253eccf0efd07421164cefec77ef6a9d01	query/job_duckdb/19a/rewriteYa24.sql	job_yannakakis_rewrite/19a_rewriteYa24.sql	generated_duckdb_sum
job	job_agg/19a.sql	query/job_duckdb/19a/query.sql	c28206730d8c846c4b33036a9861fe133bff7b214a9aeddcec312c58f8177559	8d2f82fcc349fc67f655cf1ca1d62d253eccf0efd07421164cefec77ef6a9d01	query/job_duckdb/19a/rewriteYa27.sql	job_yannakakis_rewrite/19a_rewriteYa27.sql	generated_duckdb_sum
job	job_agg/19a.sql	query/job_duckdb/19a/query.sql	c28206730d8c846c4b33036a9861fe133bff7b214a9aeddcec312c58f8177559	8d2f82fcc349fc67f655cf1ca1d62d253eccf0efd07421164cefec77ef6a9d01	query/job_duckdb/19a/rewriteYa60.sql	job_yannakakis_rewrite/19a_rewriteYa60.sql	generated_duckdb_sum
job	job_agg/19a.sql	query/job_duckdb/19a/query.sql	c28206730d8c846c4b33036a9861fe133bff7b214a9aeddcec312c58f8177559	8d2f82fcc349fc67f655cf1ca1d62d253eccf0efd07421164cefec77ef6a9d01	query/job_duckdb/19a/rewriteYa63.sql	job_yannakakis_rewrite/19a_rewriteYa63.sql	generated_duckdb_sum
job	job_agg/19b.sql	query/job_duckdb/19b/query.sql	5c2f579f4fc0be72f1c5252fdd488db57367b7fbead66c3167495651a9977d52	eecd10e1e575d8c64c4cfc7954999e899b4e8c6553483310828485ab8d668d89	query/job_duckdb/19b/rewriteYa10.sql	job_yannakakis_rewrite/19b_rewriteYa10.sql	generated_duckdb_sum
job	job_agg/19b.sql	query/job_duckdb/19b/query.sql	5c2f579f4fc0be72f1c5252fdd488db57367b7fbead66c3167495651a9977d52	eecd10e1e575d8c64c4cfc7954999e899b4e8c6553483310828485ab8d668d89	query/job_duckdb/19b/rewriteYa37.sql	job_yannakakis_rewrite/19b_rewriteYa37.sql	generated_duckdb_sum
job	job_agg/19b.sql	query/job_duckdb/19b/query.sql	5c2f579f4fc0be72f1c5252fdd488db57367b7fbead66c3167495651a9977d52	eecd10e1e575d8c64c4cfc7954999e899b4e8c6553483310828485ab8d668d89	query/job_duckdb/19b/rewriteYa61.sql	job_yannakakis_rewrite/19b_rewriteYa61.sql	generated_duckdb_sum
job	job_agg/19c.sql	query/job_duckdb/19c/query.sql	b25802a44c600ab7bcb8f9ac7ec4c0e2e2149a941fb7cef45687a528285f108f	0afd9c9369df82b2ce2ccaeb748af3d444184c9bf9cecc00bbfeb89b1ca01292	query/job_duckdb/19c/rewriteYa102.sql	job_yannakakis_rewrite/19c_rewriteYa102.sql	generated_duckdb_sum
job	job_agg/19c.sql	query/job_duckdb/19c/query.sql	b25802a44c600ab7bcb8f9ac7ec4c0e2e2149a941fb7cef45687a528285f108f	0afd9c9369df82b2ce2ccaeb748af3d444184c9bf9cecc00bbfeb89b1ca01292	query/job_duckdb/19c/rewriteYa115.sql	job_yannakakis_rewrite/19c_rewriteYa115.sql	generated_duckdb_sum
job	job_agg/19c.sql	query/job_duckdb/19c/query.sql	b25802a44c600ab7bcb8f9ac7ec4c0e2e2149a941fb7cef45687a528285f108f	0afd9c9369df82b2ce2ccaeb748af3d444184c9bf9cecc00bbfeb89b1ca01292	query/job_duckdb/19c/rewriteYa125.sql	job_yannakakis_rewrite/19c_rewriteYa125.sql	generated_duckdb_sum
job	job_agg/19c.sql	query/job_duckdb/19c/query.sql	b25802a44c600ab7bcb8f9ac7ec4c0e2e2149a941fb7cef45687a528285f108f	0afd9c9369df82b2ce2ccaeb748af3d444184c9bf9cecc00bbfeb89b1ca01292	query/job_duckdb/19c/rewriteYa19.sql	job_yannakakis_rewrite/19c_rewriteYa19.sql	generated_duckdb_sum
job	job_agg/19d.sql	query/job_duckdb/19d/query.sql	8c694b05e8386066bf9066dfbcee458691738b7f861a979f30a168a4045e3e9f	c1f8289302a8c7b994c585d7d078740e1dce9340f9e54b3d46bc7182b4a9b83c	query/job_duckdb/19d/rewriteYa56.sql	job_yannakakis_rewrite/19d_rewriteYa56.sql	generated_duckdb_sum
job	job_agg/19d.sql	query/job_duckdb/19d/query.sql	8c694b05e8386066bf9066dfbcee458691738b7f861a979f30a168a4045e3e9f	c1f8289302a8c7b994c585d7d078740e1dce9340f9e54b3d46bc7182b4a9b83c	query/job_duckdb/19d/rewriteYa63.sql	job_yannakakis_rewrite/19d_rewriteYa63.sql	generated_duckdb_sum
job	job_agg/19d.sql	query/job_duckdb/19d/query.sql	8c694b05e8386066bf9066dfbcee458691738b7f861a979f30a168a4045e3e9f	c1f8289302a8c7b994c585d7d078740e1dce9340f9e54b3d46bc7182b4a9b83c	query/job_duckdb/19d/rewriteYa71.sql	job_yannakakis_rewrite/19d_rewriteYa71.sql	generated_duckdb_sum
job	job_agg/19d.sql	query/job_duckdb/19d/query.sql	8c694b05e8386066bf9066dfbcee458691738b7f861a979f30a168a4045e3e9f	c1f8289302a8c7b994c585d7d078740e1dce9340f9e54b3d46bc7182b4a9b83c	query/job_duckdb/19d/rewriteYa74.sql	job_yannakakis_rewrite/19d_rewriteYa74.sql	generated_duckdb_sum
job	job_agg/19d.sql	query/job_duckdb/19d/query.sql	8c694b05e8386066bf9066dfbcee458691738b7f861a979f30a168a4045e3e9f	c1f8289302a8c7b994c585d7d078740e1dce9340f9e54b3d46bc7182b4a9b83c	query/job_duckdb/19d/rewriteYa78.sql	job_yannakakis_rewrite/19d_rewriteYa78.sql	generated_duckdb_sum
job	job_agg/1a.sql	query/job_duckdb/1a/query.sql	f46d0c6961e2c436a44a0b47b190fc2bd803ff61a1a5015bfb6b5a2a4d1a4c38	fff4fef3766e4074b678727df856bd271df7c9793fbfc72ddb0f01645d339544		job_yannakakis_rewrite/1a_rewriteYa0.sql	generated_duckdb_sum_fallback
job	job_agg/1b.sql	query/job_duckdb/1b/query.sql	4cefb3c3dd14e6d52371ea6b02538ae210724c6d9e9b4627f1630d21bea4ff68	e7ebe6cec93d3d130c9d2ce493908beccbf36e762f231d4682c1f8faa09a734d	query/job_duckdb/1b/rewriteYa0.sql	job_yannakakis_rewrite/1b_rewriteYa0.sql	generated_duckdb_sum
job	job_agg/1c.sql	query/job_duckdb/1c/query.sql	9d66f9c17a1c137351319ef58f0ad06e04f9ac48f8e4abe5947a2fd18e4112b1	4e9825b381a88a150f03bcca4e96338ea3840416316662d2e0a0ff8d04de30cd	query/job_duckdb/1c/rewriteYa0.sql	job_yannakakis_rewrite/1c_rewriteYa0.sql	generated_duckdb_sum
job	job_agg/1d.sql	query/job_duckdb/1d/query.sql	80716ea5e1acb541f14d8187647634d97ca45aa462b76b464bcf354494b82259	ae7a8703367dd04de50afaad34107a2bd6957132f29ea5f351c854fe851f1fdd	query/job_duckdb/1d/rewriteYa0.sql	job_yannakakis_rewrite/1d_rewriteYa0.sql	generated_duckdb_sum
job	job_agg/20a.sql	query/job_duckdb/20a/query.sql	e5995ea8147252b4d18a7b3bece125c7c168ae9bb81195892e52b18c2e4477c3	6e1eb87de010d4ba6c505112ddb59b1fca5955cae4dea653bcda99d605079b10	query/job_duckdb/20a/rewriteYa13.sql	job_yannakakis_rewrite/20a_rewriteYa13.sql	generated_duckdb_sum
job	job_agg/20a.sql	query/job_duckdb/20a/query.sql	e5995ea8147252b4d18a7b3bece125c7c168ae9bb81195892e52b18c2e4477c3	6e1eb87de010d4ba6c505112ddb59b1fca5955cae4dea653bcda99d605079b10	query/job_duckdb/20a/rewriteYa15.sql	job_yannakakis_rewrite/20a_rewriteYa15.sql	generated_duckdb_sum
job	job_agg/20a.sql	query/job_duckdb/20a/query.sql	e5995ea8147252b4d18a7b3bece125c7c168ae9bb81195892e52b18c2e4477c3	6e1eb87de010d4ba6c505112ddb59b1fca5955cae4dea653bcda99d605079b10	query/job_duckdb/20a/rewriteYa23.sql	job_yannakakis_rewrite/20a_rewriteYa23.sql	generated_duckdb_sum
job	job_agg/20a.sql	query/job_duckdb/20a/query.sql	e5995ea8147252b4d18a7b3bece125c7c168ae9bb81195892e52b18c2e4477c3	6e1eb87de010d4ba6c505112ddb59b1fca5955cae4dea653bcda99d605079b10	query/job_duckdb/20a/rewriteYa3.sql	job_yannakakis_rewrite/20a_rewriteYa3.sql	generated_duckdb_sum
job	job_agg/20b.sql	query/job_duckdb/20b/query.sql	1ccf3dd540264f64acfb26bdac9f2efacbc6f631520947f8f31f9f7088b90180	082e6b6c02e4536154dc2be424e1d64f96284a6b0e5c740fa0bef5d33dffb77a	query/job_duckdb/20b/rewriteYa12.sql	job_yannakakis_rewrite/20b_rewriteYa12.sql	generated_duckdb_sum
job	job_agg/20b.sql	query/job_duckdb/20b/query.sql	1ccf3dd540264f64acfb26bdac9f2efacbc6f631520947f8f31f9f7088b90180	082e6b6c02e4536154dc2be424e1d64f96284a6b0e5c740fa0bef5d33dffb77a	query/job_duckdb/20b/rewriteYa14.sql	job_yannakakis_rewrite/20b_rewriteYa14.sql	generated_duckdb_sum
job	job_agg/20b.sql	query/job_duckdb/20b/query.sql	1ccf3dd540264f64acfb26bdac9f2efacbc6f631520947f8f31f9f7088b90180	082e6b6c02e4536154dc2be424e1d64f96284a6b0e5c740fa0bef5d33dffb77a	query/job_duckdb/20b/rewriteYa20.sql	job_yannakakis_rewrite/20b_rewriteYa20.sql	generated_duckdb_sum
job	job_agg/20b.sql	query/job_duckdb/20b/query.sql	1ccf3dd540264f64acfb26bdac9f2efacbc6f631520947f8f31f9f7088b90180	082e6b6c02e4536154dc2be424e1d64f96284a6b0e5c740fa0bef5d33dffb77a	query/job_duckdb/20b/rewriteYa5.sql	job_yannakakis_rewrite/20b_rewriteYa5.sql	generated_duckdb_sum
job	job_agg/20c.sql	query/job_duckdb/20c/query.sql	08277c3847f18bb14e5bb3d4d6f000d86aee1048efb70e06f3c027dcd762b743	ce3b599578b97ee6cf1d286690ba6543727d8e878bdceb947d0b240cb96e26d5	query/job_duckdb/20c/rewriteYa14.sql	job_yannakakis_rewrite/20c_rewriteYa14.sql	generated_duckdb_sum
job	job_agg/20c.sql	query/job_duckdb/20c/query.sql	08277c3847f18bb14e5bb3d4d6f000d86aee1048efb70e06f3c027dcd762b743	ce3b599578b97ee6cf1d286690ba6543727d8e878bdceb947d0b240cb96e26d5	query/job_duckdb/20c/rewriteYa18.sql	job_yannakakis_rewrite/20c_rewriteYa18.sql	generated_duckdb_sum
job	job_agg/20c.sql	query/job_duckdb/20c/query.sql	08277c3847f18bb14e5bb3d4d6f000d86aee1048efb70e06f3c027dcd762b743	ce3b599578b97ee6cf1d286690ba6543727d8e878bdceb947d0b240cb96e26d5	query/job_duckdb/20c/rewriteYa22.sql	job_yannakakis_rewrite/20c_rewriteYa22.sql	generated_duckdb_sum
job	job_agg/20c.sql	query/job_duckdb/20c/query.sql	08277c3847f18bb14e5bb3d4d6f000d86aee1048efb70e06f3c027dcd762b743	ce3b599578b97ee6cf1d286690ba6543727d8e878bdceb947d0b240cb96e26d5	query/job_duckdb/20c/rewriteYa8.sql	job_yannakakis_rewrite/20c_rewriteYa8.sql	generated_duckdb_sum
job	job_agg/21a.sql	query/job_duckdb/21a/query.sql	deb68c86579494fa594947cdaacc264be284d7659f8e33c057ae81d250967616	de879768fb7987f0f74d9933efd0b83bb3b3176dcf641291551665d0e0ffd8b8	query/job_duckdb/21a/rewriteYa0.sql	job_yannakakis_rewrite/21a_rewriteYa0.sql	generated_duckdb_sum
job	job_agg/21b.sql	query/job_duckdb/21b/query.sql	c2463fd9f58d3142500476fbf0f404fbc0eec144b9c8a91775717589a2b1f8e2	06083ce558f73beefe8d677e6927b94fc47692e287630d0540a4ba2d263fee7f	query/job_duckdb/21b/rewriteYa0.sql	job_yannakakis_rewrite/21b_rewriteYa0.sql	generated_duckdb_sum
job	job_agg/21c.sql	query/job_duckdb/21c/query.sql	80167ad5ed945746051cdb6b22e00bef782e20653db306009f396e7ad454d8c7	a156e9381d683952b3c752fd2f35ef824a3ae3727ab48ebc8d812596f7bcdb33	query/job_duckdb/21c/rewriteYa0.sql	job_yannakakis_rewrite/21c_rewriteYa0.sql	generated_duckdb_sum
job	job_agg/22a.sql	query/job_duckdb/22a/query.sql	0f223ff0040906984bae3c50cc17451338164ce275b20debda9c8aff4747bb09	da6ecba50c1b62968c03204e8cc150f915ff2c8db5aef2772ed3d2296fde245d	query/job_duckdb/22a/rewriteYa0.sql	job_yannakakis_rewrite/22a_rewriteYa0.sql	generated_duckdb_sum
job	job_agg/22b.sql	query/job_duckdb/22b/query.sql	0dd355398bd6e96f5b9c812c7cb13e402c8ac4f8084a01bea0feefcb2df47ffe	8fa2db09344251ad0cab0a8ef1858cac1d173bc1954a8e02f20789ead146a302	query/job_duckdb/22b/rewriteYa165.sql	job_yannakakis_rewrite/22b_rewriteYa165.sql	generated_duckdb_sum
job	job_agg/22b.sql	query/job_duckdb/22b/query.sql	0dd355398bd6e96f5b9c812c7cb13e402c8ac4f8084a01bea0feefcb2df47ffe	8fa2db09344251ad0cab0a8ef1858cac1d173bc1954a8e02f20789ead146a302	query/job_duckdb/22b/rewriteYa33.sql	job_yannakakis_rewrite/22b_rewriteYa33.sql	generated_duckdb_sum
job	job_agg/22b.sql	query/job_duckdb/22b/query.sql	0dd355398bd6e96f5b9c812c7cb13e402c8ac4f8084a01bea0feefcb2df47ffe	8fa2db09344251ad0cab0a8ef1858cac1d173bc1954a8e02f20789ead146a302	query/job_duckdb/22b/rewriteYa85.sql	job_yannakakis_rewrite/22b_rewriteYa85.sql	generated_duckdb_sum
job	job_agg/22c.sql	query/job_duckdb/22c/query.sql	f8825f539e6ddc1d995b4babfb22c4f2f424395c8eec2bbaa9e50927e289cd1c	1cab2b4cfb82620c18b6176839ab7ef2d747312d26f3605425860183680310f9	query/job_duckdb/22c/rewriteYa115.sql	job_yannakakis_rewrite/22c_rewriteYa115.sql	generated_duckdb_sum
job	job_agg/22c.sql	query/job_duckdb/22c/query.sql	f8825f539e6ddc1d995b4babfb22c4f2f424395c8eec2bbaa9e50927e289cd1c	1cab2b4cfb82620c18b6176839ab7ef2d747312d26f3605425860183680310f9	query/job_duckdb/22c/rewriteYa122.sql	job_yannakakis_rewrite/22c_rewriteYa122.sql	generated_duckdb_sum
job	job_agg/22c.sql	query/job_duckdb/22c/query.sql	f8825f539e6ddc1d995b4babfb22c4f2f424395c8eec2bbaa9e50927e289cd1c	1cab2b4cfb82620c18b6176839ab7ef2d747312d26f3605425860183680310f9	query/job_duckdb/22c/rewriteYa59.sql	job_yannakakis_rewrite/22c_rewriteYa59.sql	generated_duckdb_sum
job	job_agg/22d.sql	query/job_duckdb/22d/query.sql	2fb9eb18bb9e8a9121136894fca356578e2dde629931d45d83cb66638ee480a2	def254dffb269e574c8612fe39d29b404092797e31831e95cac05fe588c18ada	query/job_duckdb/22d/rewriteYa165.sql	job_yannakakis_rewrite/22d_rewriteYa165.sql	generated_duckdb_sum
job	job_agg/22d.sql	query/job_duckdb/22d/query.sql	2fb9eb18bb9e8a9121136894fca356578e2dde629931d45d83cb66638ee480a2	def254dffb269e574c8612fe39d29b404092797e31831e95cac05fe588c18ada	query/job_duckdb/22d/rewriteYa181.sql	job_yannakakis_rewrite/22d_rewriteYa181.sql	generated_duckdb_sum
job	job_agg/22d.sql	query/job_duckdb/22d/query.sql	2fb9eb18bb9e8a9121136894fca356578e2dde629931d45d83cb66638ee480a2	def254dffb269e574c8612fe39d29b404092797e31831e95cac05fe588c18ada	query/job_duckdb/22d/rewriteYa45.sql	job_yannakakis_rewrite/22d_rewriteYa45.sql	generated_duckdb_sum
job	job_agg/22d.sql	query/job_duckdb/22d/query.sql	2fb9eb18bb9e8a9121136894fca356578e2dde629931d45d83cb66638ee480a2	def254dffb269e574c8612fe39d29b404092797e31831e95cac05fe588c18ada	query/job_duckdb/22d/rewriteYa59.sql	job_yannakakis_rewrite/22d_rewriteYa59.sql	generated_duckdb_sum
job	job_agg/23a.sql	query/job_duckdb/23a/query.sql	4923763822a78a73720c3a82fab0f48d917db42214b0c6ef98ddc6ece205a170	9b78aa0ae5720d1fc8f2d6690601237f4fbf56f1f57d67d2eb0036dfd1db608c	query/job_duckdb/23a/rewriteYa107.sql	job_yannakakis_rewrite/23a_rewriteYa107.sql	generated_duckdb_sum
job	job_agg/23a.sql	query/job_duckdb/23a/query.sql	4923763822a78a73720c3a82fab0f48d917db42214b0c6ef98ddc6ece205a170	9b78aa0ae5720d1fc8f2d6690601237f4fbf56f1f57d67d2eb0036dfd1db608c	query/job_duckdb/23a/rewriteYa149.sql	job_yannakakis_rewrite/23a_rewriteYa149.sql	generated_duckdb_sum
job	job_agg/23a.sql	query/job_duckdb/23a/query.sql	4923763822a78a73720c3a82fab0f48d917db42214b0c6ef98ddc6ece205a170	9b78aa0ae5720d1fc8f2d6690601237f4fbf56f1f57d67d2eb0036dfd1db608c	query/job_duckdb/23a/rewriteYa315.sql	job_yannakakis_rewrite/23a_rewriteYa315.sql	generated_duckdb_sum
job	job_agg/23a.sql	query/job_duckdb/23a/query.sql	4923763822a78a73720c3a82fab0f48d917db42214b0c6ef98ddc6ece205a170	9b78aa0ae5720d1fc8f2d6690601237f4fbf56f1f57d67d2eb0036dfd1db608c	query/job_duckdb/23a/rewriteYa321.sql	job_yannakakis_rewrite/23a_rewriteYa321.sql	generated_duckdb_sum
job	job_agg/23a.sql	query/job_duckdb/23a/query.sql	4923763822a78a73720c3a82fab0f48d917db42214b0c6ef98ddc6ece205a170	9b78aa0ae5720d1fc8f2d6690601237f4fbf56f1f57d67d2eb0036dfd1db608c	query/job_duckdb/23a/rewriteYa359.sql	job_yannakakis_rewrite/23a_rewriteYa359.sql	generated_duckdb_sum
job	job_agg/23b.sql	query/job_duckdb/23b/query.sql	1500a3effc4d075e21b19c23797e40cf917f7a96f19e25083eb74aac4bb17770	314f9484d38a076cf26add30096a73760c54b88eb0a7ca1580a87baa1f11711a	query/job_duckdb/23b/rewriteYa105.sql	job_yannakakis_rewrite/23b_rewriteYa105.sql	generated_duckdb_sum
job	job_agg/23b.sql	query/job_duckdb/23b/query.sql	1500a3effc4d075e21b19c23797e40cf917f7a96f19e25083eb74aac4bb17770	314f9484d38a076cf26add30096a73760c54b88eb0a7ca1580a87baa1f11711a	query/job_duckdb/23b/rewriteYa163.sql	job_yannakakis_rewrite/23b_rewriteYa163.sql	generated_duckdb_sum
job	job_agg/23b.sql	query/job_duckdb/23b/query.sql	1500a3effc4d075e21b19c23797e40cf917f7a96f19e25083eb74aac4bb17770	314f9484d38a076cf26add30096a73760c54b88eb0a7ca1580a87baa1f11711a	query/job_duckdb/23b/rewriteYa261.sql	job_yannakakis_rewrite/23b_rewriteYa261.sql	generated_duckdb_sum
job	job_agg/23b.sql	query/job_duckdb/23b/query.sql	1500a3effc4d075e21b19c23797e40cf917f7a96f19e25083eb74aac4bb17770	314f9484d38a076cf26add30096a73760c54b88eb0a7ca1580a87baa1f11711a	query/job_duckdb/23b/rewriteYa354.sql	job_yannakakis_rewrite/23b_rewriteYa354.sql	generated_duckdb_sum
job	job_agg/23c.sql	query/job_duckdb/23c/query.sql	ec8695aff1cd19a3a49d580b14b11dc5196339a3033c15f55ee9df7814d8bc91	87cacbb1d1d3dc0c1648dc7cf9ca639ebf5d1ddcccb57154e3e851efa9ab102b	query/job_duckdb/23c/rewriteYa202.sql	job_yannakakis_rewrite/23c_rewriteYa202.sql	generated_duckdb_sum
job	job_agg/23c.sql	query/job_duckdb/23c/query.sql	ec8695aff1cd19a3a49d580b14b11dc5196339a3033c15f55ee9df7814d8bc91	87cacbb1d1d3dc0c1648dc7cf9ca639ebf5d1ddcccb57154e3e851efa9ab102b	query/job_duckdb/23c/rewriteYa229.sql	job_yannakakis_rewrite/23c_rewriteYa229.sql	generated_duckdb_sum
job	job_agg/23c.sql	query/job_duckdb/23c/query.sql	ec8695aff1cd19a3a49d580b14b11dc5196339a3033c15f55ee9df7814d8bc91	87cacbb1d1d3dc0c1648dc7cf9ca639ebf5d1ddcccb57154e3e851efa9ab102b	query/job_duckdb/23c/rewriteYa331.sql	job_yannakakis_rewrite/23c_rewriteYa331.sql	generated_duckdb_sum
job	job_agg/23c.sql	query/job_duckdb/23c/query.sql	ec8695aff1cd19a3a49d580b14b11dc5196339a3033c15f55ee9df7814d8bc91	87cacbb1d1d3dc0c1648dc7cf9ca639ebf5d1ddcccb57154e3e851efa9ab102b	query/job_duckdb/23c/rewriteYa351.sql	job_yannakakis_rewrite/23c_rewriteYa351.sql	generated_duckdb_sum
job	job_agg/24a.sql	query/job_duckdb/24a/query.sql	5fb1732168f8f5d9327be8d2076c81110b81e509f2f69a08e653e96e5d278e6d	db1c80cdf1779b0df07e08e88b2d2f121c5b28f530333beefb8310f39f555406	query/job_duckdb/24a/rewriteYa0.sql	job_yannakakis_rewrite/24a_rewriteYa0.sql	generated_duckdb_sum
job	job_agg/24b.sql	query/job_duckdb/24b/query.sql	0089536597baf3a00fe52cf83ea0815c89611194255bc7f637f58c09b01bc7e3	34570ac03cb3dbbbe6b0bfd7d174f1fc56ea1a11aece0e23442a680f43a7c4b9	query/job_duckdb/24b/rewriteYa0.sql	job_yannakakis_rewrite/24b_rewriteYa0.sql	generated_duckdb_sum
job	job_agg/25a.sql	query/job_duckdb/25a/query.sql	1ac57579c852433ec95c88dcb39afc592dfcb1caf3abdba64ad3bf2ca040bfd2	3011e2db6ecf4341e46775248dee39e0224b0ac71fe1affd092d8f9f1d8048e7	query/job_duckdb/25a/rewriteYa0.sql	job_yannakakis_rewrite/25a_rewriteYa0.sql	generated_duckdb_sum
job	job_agg/25b.sql	query/job_duckdb/25b/query.sql	c1dca267bafe947412221382369f58b644c045652abf2690fca9b17faac7867b	c58799632b90bf1065e2b5f4445eddcb7fd3c9b58ffa7d7caa839fd2059f591f	query/job_duckdb/25b/rewriteYa0.sql	job_yannakakis_rewrite/25b_rewriteYa0.sql	generated_duckdb_sum
job	job_agg/25c.sql	query/job_duckdb/25c/query.sql	85fd4e21270c87b723be966f0ab82a3ad8ac6e469338a3a1ccb237f9a5ea1ed2	6f6b03507e55e9f10bdd6b0dff155485ff81573630f6e47011e915c07a5376a9	query/job_duckdb/25c/rewriteYa0.sql	job_yannakakis_rewrite/25c_rewriteYa0.sql	generated_duckdb_sum
job	job_agg/26a.sql	query/job_duckdb/26a/query.sql	c88c3645ec8cd32cf16b2fc9846c2debd8aba72bc3fe3c2b5389ae047e1cba10	d15d7b5851b6edaa3c2f5b57d3f5a894561a3e88e1ba1dd0b9c3bbf635237afb	query/job_duckdb/26a/rewriteYa0.sql	job_yannakakis_rewrite/26a_rewriteYa0.sql	generated_duckdb_sum
job	job_agg/26b.sql	query/job_duckdb/26b/query.sql	aff698001f37bebbfd78e54aa912b9307bc7a5884af69f1cb673c045f5b5b193	435f2b8dde482cf96603ef637b47ecd99eac719b71cb6320b77c667e0e02880f	query/job_duckdb/26b/rewriteYa0.sql	job_yannakakis_rewrite/26b_rewriteYa0.sql	generated_duckdb_sum
job	job_agg/26c.sql	query/job_duckdb/26c/query.sql	54d0c1fde3fee532dd6eee7e185accbb928f98e5c9d202cfd90f3d5369e2a7d2	ee359ff48fb1948c6182bbf8ae475f2b5b3ccd5efa4de4b3c5b02055dd958d3d	query/job_duckdb/26c/rewriteYa0.sql	job_yannakakis_rewrite/26c_rewriteYa0.sql	generated_duckdb_sum
job	job_agg/27a.sql	query/job_duckdb/27a/query.sql	20a186e60c827295173e5d5f19e60250c2c4d27fff7ab062a2c68cb9ff9cd1a7	04e08eaadde8b7e35d82d6a182f13b381d9e6d50fe866430df9734d52e68fcb1	query/job_duckdb/27a/rewriteYa0.sql	job_yannakakis_rewrite/27a_rewriteYa0.sql	generated_duckdb_sum
job	job_agg/27b.sql	query/job_duckdb/27b/query.sql	23fee1e420376065014e895fc25cf85e112e5415c6dc5fca23d3d253d1110f8f	6648dfc9f9d4d4cc50ab43197fdc07afce98256df9f1d20a9800a3ee67a16fe5	query/job_duckdb/27b/rewriteYa1379.sql	job_yannakakis_rewrite/27b_rewriteYa1379.sql	generated_duckdb_sum
job	job_agg/27b.sql	query/job_duckdb/27b/query.sql	23fee1e420376065014e895fc25cf85e112e5415c6dc5fca23d3d253d1110f8f	6648dfc9f9d4d4cc50ab43197fdc07afce98256df9f1d20a9800a3ee67a16fe5	query/job_duckdb/27b/rewriteYa179.sql	job_yannakakis_rewrite/27b_rewriteYa179.sql	generated_duckdb_sum
job	job_agg/27b.sql	query/job_duckdb/27b/query.sql	23fee1e420376065014e895fc25cf85e112e5415c6dc5fca23d3d253d1110f8f	6648dfc9f9d4d4cc50ab43197fdc07afce98256df9f1d20a9800a3ee67a16fe5	query/job_duckdb/27b/rewriteYa222.sql	job_yannakakis_rewrite/27b_rewriteYa222.sql	generated_duckdb_sum
job	job_agg/27b.sql	query/job_duckdb/27b/query.sql	23fee1e420376065014e895fc25cf85e112e5415c6dc5fca23d3d253d1110f8f	6648dfc9f9d4d4cc50ab43197fdc07afce98256df9f1d20a9800a3ee67a16fe5	query/job_duckdb/27b/rewriteYa284.sql	job_yannakakis_rewrite/27b_rewriteYa284.sql	generated_duckdb_sum
job	job_agg/27b.sql	query/job_duckdb/27b/query.sql	23fee1e420376065014e895fc25cf85e112e5415c6dc5fca23d3d253d1110f8f	6648dfc9f9d4d4cc50ab43197fdc07afce98256df9f1d20a9800a3ee67a16fe5	query/job_duckdb/27b/rewriteYa685.sql	job_yannakakis_rewrite/27b_rewriteYa685.sql	generated_duckdb_sum
job	job_agg/27c.sql	query/job_duckdb/27c/query.sql	cf4f5c2dbae7e8f09ab30cecf5ca098a2d232d3c05c17d5de28a6f5f648a5c05	591460ae317458d7c6b6950eb83b68c06accd3ade9add2677a9d95dd9ee0e6de	query/job_duckdb/27c/rewriteYa0.sql	job_yannakakis_rewrite/27c_rewriteYa0.sql	generated_duckdb_sum
job	job_agg/28a.sql	query/job_duckdb/28a/query.sql	042b42bd17c8e5a5f88a42d7f700b861117ec7deca3594e51ca0b4bea2482922	45c28bbe76df6a3f3660c80277ef3e1655d5e05c30d8e916c149a1faff6488b2	query/job_duckdb/28a/rewriteYa1447.sql	job_yannakakis_rewrite/28a_rewriteYa1447.sql	generated_duckdb_sum
job	job_agg/28a.sql	query/job_duckdb/28a/query.sql	042b42bd17c8e5a5f88a42d7f700b861117ec7deca3594e51ca0b4bea2482922	45c28bbe76df6a3f3660c80277ef3e1655d5e05c30d8e916c149a1faff6488b2	query/job_duckdb/28a/rewriteYa1449.sql	job_yannakakis_rewrite/28a_rewriteYa1449.sql	generated_duckdb_sum
job	job_agg/28a.sql	query/job_duckdb/28a/query.sql	042b42bd17c8e5a5f88a42d7f700b861117ec7deca3594e51ca0b4bea2482922	45c28bbe76df6a3f3660c80277ef3e1655d5e05c30d8e916c149a1faff6488b2	query/job_duckdb/28a/rewriteYa1641.sql	job_yannakakis_rewrite/28a_rewriteYa1641.sql	generated_duckdb_sum
job	job_agg/28a.sql	query/job_duckdb/28a/query.sql	042b42bd17c8e5a5f88a42d7f700b861117ec7deca3594e51ca0b4bea2482922	45c28bbe76df6a3f3660c80277ef3e1655d5e05c30d8e916c149a1faff6488b2	query/job_duckdb/28a/rewriteYa1859.sql	job_yannakakis_rewrite/28a_rewriteYa1859.sql	generated_duckdb_sum
job	job_agg/28a.sql	query/job_duckdb/28a/query.sql	042b42bd17c8e5a5f88a42d7f700b861117ec7deca3594e51ca0b4bea2482922	45c28bbe76df6a3f3660c80277ef3e1655d5e05c30d8e916c149a1faff6488b2	query/job_duckdb/28a/rewriteYa989.sql	job_yannakakis_rewrite/28a_rewriteYa989.sql	generated_duckdb_sum
job	job_agg/28b.sql	query/job_duckdb/28b/query.sql	b4e14310c0cc005e21dfd22a2052a720482e0301c9c187ad8b6b4827efe754a5	6ba5fcc759a355e9e8f97ab641cc7bd573933a0f826f93008078fad19da1e393	query/job_duckdb/28b/rewriteYa1065.sql	job_yannakakis_rewrite/28b_rewriteYa1065.sql	generated_duckdb_sum
job	job_agg/28b.sql	query/job_duckdb/28b/query.sql	b4e14310c0cc005e21dfd22a2052a720482e0301c9c187ad8b6b4827efe754a5	6ba5fcc759a355e9e8f97ab641cc7bd573933a0f826f93008078fad19da1e393	query/job_duckdb/28b/rewriteYa1477.sql	job_yannakakis_rewrite/28b_rewriteYa1477.sql	generated_duckdb_sum
job	job_agg/28b.sql	query/job_duckdb/28b/query.sql	b4e14310c0cc005e21dfd22a2052a720482e0301c9c187ad8b6b4827efe754a5	6ba5fcc759a355e9e8f97ab641cc7bd573933a0f826f93008078fad19da1e393	query/job_duckdb/28b/rewriteYa260.sql	job_yannakakis_rewrite/28b_rewriteYa260.sql	generated_duckdb_sum
job	job_agg/28b.sql	query/job_duckdb/28b/query.sql	b4e14310c0cc005e21dfd22a2052a720482e0301c9c187ad8b6b4827efe754a5	6ba5fcc759a355e9e8f97ab641cc7bd573933a0f826f93008078fad19da1e393	query/job_duckdb/28b/rewriteYa823.sql	job_yannakakis_rewrite/28b_rewriteYa823.sql	generated_duckdb_sum
job	job_agg/28c.sql	query/job_duckdb/28c/query.sql	8ba7db295b3e6a203fe47a9aec3fd9002cdbaaba7f84369e4016e55210041c80	abf4ec0df47413d81bc19e5c9dd35f7102142d47874e2fb5efa38e85a8978f3a	query/job_duckdb/28c/rewriteYa0.sql	job_yannakakis_rewrite/28c_rewriteYa0.sql	generated_duckdb_sum
job	job_agg/29a.sql	query/job_duckdb/29a/query.sql	5d92b500ace9fa3fe0840dbe3145edb34b35ecd95a7e89187b567ae2686b8231	a3aec6fdf26d8580b90fc7e7d9b2d3775c19f67976b7677f2ab592811714f5f6	query/job_duckdb/29a/rewriteYa0.sql	job_yannakakis_rewrite/29a_rewriteYa0.sql	generated_duckdb_sum
job	job_agg/29b.sql	query/job_duckdb/29b/query.sql	63c6bc2c9fef5ae56754b3551929b07cfe4a7b08d3e7a816dc1f8f337b30c451	1a61135b6693bdb4d6440daaf218af66ebafbd3fe1d8032f61a29c4761579872	query/job_duckdb/29b/rewriteYa0.sql	job_yannakakis_rewrite/29b_rewriteYa0.sql	generated_duckdb_sum
job	job_agg/29c.sql	query/job_duckdb/29c/query.sql	64157b36745117f8f8af7d530410ceef1c157e1ed0127acc069521531a3122c0	ba127a096cd42423a7056a31b16f2b7ae219c4e56c47b885051eebb9fabe8a20	query/job_duckdb/29c/rewriteYa0.sql	job_yannakakis_rewrite/29c_rewriteYa0.sql	generated_duckdb_sum
job	job_agg/2a.sql	query/job_duckdb/2a/query.sql	a487d5108e6ad1ab7bac289ea677118e28749d482108b47d157d49be478e296f	96ca296aec0e51cc75a86dbf503532f92cfc4ac1b46c58d7975ef23251601932	query/job_duckdb/2a/rewriteYa0.sql	job_yannakakis_rewrite/2a_rewriteYa0.sql	generated_duckdb_sum
job	job_agg/2a.sql	query/job_duckdb/2a/query.sql	a487d5108e6ad1ab7bac289ea677118e28749d482108b47d157d49be478e296f	96ca296aec0e51cc75a86dbf503532f92cfc4ac1b46c58d7975ef23251601932	query/job_duckdb/2a/rewriteYa1.sql	job_yannakakis_rewrite/2a_rewriteYa1.sql	generated_duckdb_sum
job	job_agg/2b.sql	query/job_duckdb/2b/query.sql	0a1e6966d7e9887e52b89b692199f7b57422749c6c4aa47ecb634681b59039b8	8e09fd66e91809f6345f1dbd4eee2053033151328bbeb19d7761333d29e7d3ad	query/job_duckdb/2b/rewriteYa1.sql	job_yannakakis_rewrite/2b_rewriteYa1.sql	generated_duckdb_sum
job	job_agg/2b.sql	query/job_duckdb/2b/query.sql	0a1e6966d7e9887e52b89b692199f7b57422749c6c4aa47ecb634681b59039b8	8e09fd66e91809f6345f1dbd4eee2053033151328bbeb19d7761333d29e7d3ad	query/job_duckdb/2b/rewriteYa2.sql	job_yannakakis_rewrite/2b_rewriteYa2.sql	generated_duckdb_sum
job	job_agg/2b.sql	query/job_duckdb/2b/query.sql	0a1e6966d7e9887e52b89b692199f7b57422749c6c4aa47ecb634681b59039b8	8e09fd66e91809f6345f1dbd4eee2053033151328bbeb19d7761333d29e7d3ad	query/job_duckdb/2b/rewriteYa4.sql	job_yannakakis_rewrite/2b_rewriteYa4.sql	generated_duckdb_sum
job	job_agg/2c.sql	query/job_duckdb/2c/query.sql	d2e440e3eb742c252979cbf9ec314f8dae004cd3f888568436453f1db0e1dc93	237382e1c5e09bf37cacc91a0bdbd040271a30c9051b8bd7b753ed307951b4b0	query/job_duckdb/2c/rewriteYa1.sql	job_yannakakis_rewrite/2c_rewriteYa1.sql	generated_duckdb_sum
job	job_agg/2c.sql	query/job_duckdb/2c/query.sql	d2e440e3eb742c252979cbf9ec314f8dae004cd3f888568436453f1db0e1dc93	237382e1c5e09bf37cacc91a0bdbd040271a30c9051b8bd7b753ed307951b4b0	query/job_duckdb/2c/rewriteYa3.sql	job_yannakakis_rewrite/2c_rewriteYa3.sql	generated_duckdb_sum
job	job_agg/2d.sql	query/job_duckdb/2d/query.sql	a1164d6370508472ecabaf2a5bfd1e361407dbb6a95ca447d05d75378aaa3944	d8c0a30ad0be4558767ced84dabc527b125273c7660db988c47aaccbc116ed17	query/job_duckdb/2d/rewriteYa0.sql	job_yannakakis_rewrite/2d_rewriteYa0.sql	generated_duckdb_sum
job	job_agg/2d.sql	query/job_duckdb/2d/query.sql	a1164d6370508472ecabaf2a5bfd1e361407dbb6a95ca447d05d75378aaa3944	d8c0a30ad0be4558767ced84dabc527b125273c7660db988c47aaccbc116ed17	query/job_duckdb/2d/rewriteYa2.sql	job_yannakakis_rewrite/2d_rewriteYa2.sql	generated_duckdb_sum
job	job_agg/2d.sql	query/job_duckdb/2d/query.sql	a1164d6370508472ecabaf2a5bfd1e361407dbb6a95ca447d05d75378aaa3944	d8c0a30ad0be4558767ced84dabc527b125273c7660db988c47aaccbc116ed17	query/job_duckdb/2d/rewriteYa4.sql	job_yannakakis_rewrite/2d_rewriteYa4.sql	generated_duckdb_sum
job	job_agg/30a.sql	query/job_duckdb/30a/query.sql	f426d6c02ce8a58e8d9d90047f48297e703c8eaa581f30f935c2f80c1312ad15	abf4ec0df47413d81bc19e5c9dd35f7102142d47874e2fb5efa38e85a8978f3a	query/job_duckdb/30a/rewriteYa0.sql	job_yannakakis_rewrite/30a_rewriteYa0.sql	generated_duckdb_sum
job	job_agg/30b.sql	query/job_duckdb/30b/query.sql	8bd5a88a1bd3297449ac1efaf7751f21c8ae4025d50dd0cb75cde470ef96c40e	ca69df0c1cc6675268e416249d066a378c3a309b2add61e00fa8521f27da9ca9	query/job_duckdb/30b/rewriteYa1002.sql	job_yannakakis_rewrite/30b_rewriteYa1002.sql	generated_duckdb_sum
job	job_agg/30b.sql	query/job_duckdb/30b/query.sql	8bd5a88a1bd3297449ac1efaf7751f21c8ae4025d50dd0cb75cde470ef96c40e	ca69df0c1cc6675268e416249d066a378c3a309b2add61e00fa8521f27da9ca9	query/job_duckdb/30b/rewriteYa1618.sql	job_yannakakis_rewrite/30b_rewriteYa1618.sql	generated_duckdb_sum
job	job_agg/30b.sql	query/job_duckdb/30b/query.sql	8bd5a88a1bd3297449ac1efaf7751f21c8ae4025d50dd0cb75cde470ef96c40e	ca69df0c1cc6675268e416249d066a378c3a309b2add61e00fa8521f27da9ca9	query/job_duckdb/30b/rewriteYa2071.sql	job_yannakakis_rewrite/30b_rewriteYa2071.sql	generated_duckdb_sum
job	job_agg/30b.sql	query/job_duckdb/30b/query.sql	8bd5a88a1bd3297449ac1efaf7751f21c8ae4025d50dd0cb75cde470ef96c40e	ca69df0c1cc6675268e416249d066a378c3a309b2add61e00fa8521f27da9ca9	query/job_duckdb/30b/rewriteYa693.sql	job_yannakakis_rewrite/30b_rewriteYa693.sql	generated_duckdb_sum
job	job_agg/30c.sql	query/job_duckdb/30c/query.sql	06f487c12de13b839fdad2e408efe59e7c640b9c10367a08e80cb223965d0773	1699cd9d68ba5680f0db9564b698c1bc0eff765877bb06fb7972a99ac04f14d1	query/job_duckdb/30c/rewriteYa0.sql	job_yannakakis_rewrite/30c_rewriteYa0.sql	generated_duckdb_sum
job	job_agg/31a.sql	query/job_duckdb/31a/query.sql	88d11fa62c2cb0eca539f07a76010efdd1a4191c924d9f5e4ac7e6619dd5d96c	83eca0fe8039f98b10a3730a186fba0ecd11f33c72fc2170e2a1950af49f6ea8	query/job_duckdb/31a/rewriteYa0.sql	job_yannakakis_rewrite/31a_rewriteYa0.sql	generated_duckdb_sum
job	job_agg/31b.sql	query/job_duckdb/31b/query.sql	6f7121c54c6e0891b272ffe25f803be2a8a3ca70148f437c9044183bf8eb6a71	2c85ffcd53a01491c763d2b46b665346adf9c565f7dd6acee02ccf4e85192f6a	query/job_duckdb/31b/rewriteYa0.sql	job_yannakakis_rewrite/31b_rewriteYa0.sql	generated_duckdb_sum
job	job_agg/31c.sql	query/job_duckdb/31c/query.sql	63f3d294ef948314451284caa2c81708acbb143663ab60f1feaeb4d7bcd4e57b	e1ebb196b9de0adb29797c2f0062c9b6422751aec5e2bad1cebcb4264053a3ed	query/job_duckdb/31c/rewriteYa0.sql	job_yannakakis_rewrite/31c_rewriteYa0.sql	generated_duckdb_sum
job	job_agg/32a.sql	query/job_duckdb/32a/query.sql	5c9fab3e6d2c0164fb395e7adb73472f84c1e7e1773860ea40decbf50d388350	8c0c35836812082322579a2ec0e33a8d1c30bf210f70c1ea5959ddabd0f09465	query/job_duckdb/32a/rewriteYa0.sql	job_yannakakis_rewrite/32a_rewriteYa0.sql	generated_duckdb_sum
job	job_agg/32b.sql	query/job_duckdb/32b/query.sql	257919b72180350b3538cd19532a901dd49b03c8ad775e3772f345d1d47178a9	9cd8503115144c86c95ee27f7ada2fde7bda07ae061b29437c4d7bd2088d0ddd	query/job_duckdb/32b/rewriteYa3.sql	job_yannakakis_rewrite/32b_rewriteYa3.sql	generated_duckdb_sum
job	job_agg/32b.sql	query/job_duckdb/32b/query.sql	257919b72180350b3538cd19532a901dd49b03c8ad775e3772f345d1d47178a9	9cd8503115144c86c95ee27f7ada2fde7bda07ae061b29437c4d7bd2088d0ddd	query/job_duckdb/32b/rewriteYa4.sql	job_yannakakis_rewrite/32b_rewriteYa4.sql	generated_duckdb_sum
job	job_agg/32b.sql	query/job_duckdb/32b/query.sql	257919b72180350b3538cd19532a901dd49b03c8ad775e3772f345d1d47178a9	9cd8503115144c86c95ee27f7ada2fde7bda07ae061b29437c4d7bd2088d0ddd	query/job_duckdb/32b/rewriteYa6.sql	job_yannakakis_rewrite/32b_rewriteYa6.sql	generated_duckdb_sum
job	job_agg/32b.sql	query/job_duckdb/32b/query.sql	257919b72180350b3538cd19532a901dd49b03c8ad775e3772f345d1d47178a9	9cd8503115144c86c95ee27f7ada2fde7bda07ae061b29437c4d7bd2088d0ddd	query/job_duckdb/32b/rewriteYa7.sql	job_yannakakis_rewrite/32b_rewriteYa7.sql	generated_duckdb_sum
job	job_agg/33a.sql	query/job_duckdb/33a/query.sql	09742f4d8c74989cdb5cf914a64eaeb86715930dd6caced71b04412cfd543a1f	f64945ebec57827fbdbaea77da891d4f6745aac3c03c68df5fdc1cb95a87d2ac	query/job_duckdb/33a/rewriteYa0.sql	job_yannakakis_rewrite/33a_rewriteYa0.sql	generated_duckdb_sum
job	job_agg/33b.sql	query/job_duckdb/33b/query.sql	a97c9b0d7601e1fd7f565de9499231ff2c19808318f71cdae4a7d454c8c490e6	945da15c3c6a939cc4484ec9fc5c3254fc21fe5f9778b48fbaeba3295bf200f9	query/job_duckdb/33b/rewriteYa0.sql	job_yannakakis_rewrite/33b_rewriteYa0.sql	generated_duckdb_sum
job	job_agg/33c.sql	query/job_duckdb/33c/query.sql	033342c8bc3a28d75d9109462e07a5af132cf5fdff9f005c26b5a27f00f806e5	e1d0c618e720623a92570c16ac01f6c951aae17fa75a284b196b92d4e2c132d2	query/job_duckdb/33c/rewriteYa0.sql	job_yannakakis_rewrite/33c_rewriteYa0.sql	generated_duckdb_sum
job	job_agg/3a.sql	query/job_duckdb/3a/query.sql	58c2ee21d5fa06994969e985dcb47849ff2b8656a2255992de3206fa4cbd0669	1218b16f5a071450f68cd6960aa1ad0ec1de99f7f9e88680af975c8ed9d7e1ca	query/job_duckdb/3a/rewriteYa2.sql	job_yannakakis_rewrite/3a_rewriteYa2.sql	generated_duckdb_sum
job	job_agg/3a.sql	query/job_duckdb/3a/query.sql	58c2ee21d5fa06994969e985dcb47849ff2b8656a2255992de3206fa4cbd0669	1218b16f5a071450f68cd6960aa1ad0ec1de99f7f9e88680af975c8ed9d7e1ca	query/job_duckdb/3a/rewriteYa3.sql	job_yannakakis_rewrite/3a_rewriteYa3.sql	generated_duckdb_sum
job	job_agg/3a.sql	query/job_duckdb/3a/query.sql	58c2ee21d5fa06994969e985dcb47849ff2b8656a2255992de3206fa4cbd0669	1218b16f5a071450f68cd6960aa1ad0ec1de99f7f9e88680af975c8ed9d7e1ca	query/job_duckdb/3a/rewriteYa4.sql	job_yannakakis_rewrite/3a_rewriteYa4.sql	generated_duckdb_sum
job	job_agg/3b.sql	query/job_duckdb/3b/query.sql	fa5e1e665c3dfd9c33f255ebd9c4970df19411dc3f58dba2e00dd4ab9737d688	553d7f5fb27f83e395ae6acfb0a98079d4b81beecff9e1dfaf5bda7b352733e2	query/job_duckdb/3b/rewriteYa0.sql	job_yannakakis_rewrite/3b_rewriteYa0.sql	generated_duckdb_sum
job	job_agg/3b.sql	query/job_duckdb/3b/query.sql	fa5e1e665c3dfd9c33f255ebd9c4970df19411dc3f58dba2e00dd4ab9737d688	553d7f5fb27f83e395ae6acfb0a98079d4b81beecff9e1dfaf5bda7b352733e2	query/job_duckdb/3b/rewriteYa4.sql	job_yannakakis_rewrite/3b_rewriteYa4.sql	generated_duckdb_sum
job	job_agg/3b.sql	query/job_duckdb/3b/query.sql	fa5e1e665c3dfd9c33f255ebd9c4970df19411dc3f58dba2e00dd4ab9737d688	553d7f5fb27f83e395ae6acfb0a98079d4b81beecff9e1dfaf5bda7b352733e2	query/job_duckdb/3b/rewriteYa5.sql	job_yannakakis_rewrite/3b_rewriteYa5.sql	generated_duckdb_sum
job	job_agg/3c.sql	query/job_duckdb/3c/query.sql	cdf6dc48e3d2a2a40e1d37dbad439e26faccf739e524e57ae068c860ca97e885	586e04d9b41050fdda0235ee0b193eaba40331897e55c748d95da9647a42173a	query/job_duckdb/3c/rewriteYa0.sql	job_yannakakis_rewrite/3c_rewriteYa0.sql	generated_duckdb_sum
job	job_agg/3c.sql	query/job_duckdb/3c/query.sql	cdf6dc48e3d2a2a40e1d37dbad439e26faccf739e524e57ae068c860ca97e885	586e04d9b41050fdda0235ee0b193eaba40331897e55c748d95da9647a42173a	query/job_duckdb/3c/rewriteYa4.sql	job_yannakakis_rewrite/3c_rewriteYa4.sql	generated_duckdb_sum
job	job_agg/3c.sql	query/job_duckdb/3c/query.sql	cdf6dc48e3d2a2a40e1d37dbad439e26faccf739e524e57ae068c860ca97e885	586e04d9b41050fdda0235ee0b193eaba40331897e55c748d95da9647a42173a	query/job_duckdb/3c/rewriteYa5.sql	job_yannakakis_rewrite/3c_rewriteYa5.sql	generated_duckdb_sum
job	job_agg/4a.sql	query/job_duckdb/4a/query.sql	d4fadde4f5946eede3b0fffb02617abcef278c68d62a65f88e2fbd8920d74516	61365d04a0d40abe397073546fa26b9634c3bbc97545deccf98ef57fce7244c4	query/job_duckdb/4a/rewriteYa0.sql	job_yannakakis_rewrite/4a_rewriteYa0.sql	generated_duckdb_sum
job	job_agg/4a.sql	query/job_duckdb/4a/query.sql	d4fadde4f5946eede3b0fffb02617abcef278c68d62a65f88e2fbd8920d74516	61365d04a0d40abe397073546fa26b9634c3bbc97545deccf98ef57fce7244c4	query/job_duckdb/4a/rewriteYa6.sql	job_yannakakis_rewrite/4a_rewriteYa6.sql	generated_duckdb_sum
job	job_agg/4b.sql	query/job_duckdb/4b/query.sql	bd96a118d7587b83f7b7e3140ef6a3bf58f6315dcbf4de37aa556aef58966062	799f21d933142406e8d53360839a9d0bc6e8b4485269327c1995925c3c0b0b9e	query/job_duckdb/4b/rewriteYa0.sql	job_yannakakis_rewrite/4b_rewriteYa0.sql	generated_duckdb_sum
job	job_agg/4b.sql	query/job_duckdb/4b/query.sql	bd96a118d7587b83f7b7e3140ef6a3bf58f6315dcbf4de37aa556aef58966062	799f21d933142406e8d53360839a9d0bc6e8b4485269327c1995925c3c0b0b9e	query/job_duckdb/4b/rewriteYa5.sql	job_yannakakis_rewrite/4b_rewriteYa5.sql	generated_duckdb_sum
job	job_agg/4b.sql	query/job_duckdb/4b/query.sql	bd96a118d7587b83f7b7e3140ef6a3bf58f6315dcbf4de37aa556aef58966062	799f21d933142406e8d53360839a9d0bc6e8b4485269327c1995925c3c0b0b9e	query/job_duckdb/4b/rewriteYa6.sql	job_yannakakis_rewrite/4b_rewriteYa6.sql	generated_duckdb_sum
job	job_agg/4c.sql	query/job_duckdb/4c/query.sql	e856d24f3ae77a6d1cb8566a93f77b0400029bbe3b7be36b1f9920a59eb7373f	274893ea434a833de50a0f46536f06b03ce7c955355cdd332b1cedaded6966cc	query/job_duckdb/4c/rewriteYa0.sql	job_yannakakis_rewrite/4c_rewriteYa0.sql	generated_duckdb_sum
job	job_agg/4c.sql	query/job_duckdb/4c/query.sql	e856d24f3ae77a6d1cb8566a93f77b0400029bbe3b7be36b1f9920a59eb7373f	274893ea434a833de50a0f46536f06b03ce7c955355cdd332b1cedaded6966cc	query/job_duckdb/4c/rewriteYa5.sql	job_yannakakis_rewrite/4c_rewriteYa5.sql	generated_duckdb_sum
job	job_agg/4c.sql	query/job_duckdb/4c/query.sql	e856d24f3ae77a6d1cb8566a93f77b0400029bbe3b7be36b1f9920a59eb7373f	274893ea434a833de50a0f46536f06b03ce7c955355cdd332b1cedaded6966cc	query/job_duckdb/4c/rewriteYa6.sql	job_yannakakis_rewrite/4c_rewriteYa6.sql	generated_duckdb_sum
job	job_agg/5a.sql	query/job_duckdb/5a/query.sql	d75e91c5e028732543ef0161239a50ab85c56d13a65c7dfb6f06f70d6f1dd809	741b908efee7c9165e3eccad81ca6668008647c70bf8b6ad991b17d972d61d59	query/job_duckdb/5a/rewriteYa0.sql	job_yannakakis_rewrite/5a_rewriteYa0.sql	generated_duckdb_sum
job	job_agg/5a.sql	query/job_duckdb/5a/query.sql	d75e91c5e028732543ef0161239a50ab85c56d13a65c7dfb6f06f70d6f1dd809	741b908efee7c9165e3eccad81ca6668008647c70bf8b6ad991b17d972d61d59	query/job_duckdb/5a/rewriteYa4.sql	job_yannakakis_rewrite/5a_rewriteYa4.sql	generated_duckdb_sum
job	job_agg/5a.sql	query/job_duckdb/5a/query.sql	d75e91c5e028732543ef0161239a50ab85c56d13a65c7dfb6f06f70d6f1dd809	741b908efee7c9165e3eccad81ca6668008647c70bf8b6ad991b17d972d61d59	query/job_duckdb/5a/rewriteYa5.sql	job_yannakakis_rewrite/5a_rewriteYa5.sql	generated_duckdb_sum
job	job_agg/5b.sql	query/job_duckdb/5b/query.sql	f93976c0d2dbd3344a982b8f577804cb83638eff02747e7cf04db759677ad09b	ce5b1d73812c2106357df43843636dee9aed1ae63eb271a440c71769e6078cc0	query/job_duckdb/5b/rewriteYa0.sql	job_yannakakis_rewrite/5b_rewriteYa0.sql	generated_duckdb_sum
job	job_agg/5b.sql	query/job_duckdb/5b/query.sql	f93976c0d2dbd3344a982b8f577804cb83638eff02747e7cf04db759677ad09b	ce5b1d73812c2106357df43843636dee9aed1ae63eb271a440c71769e6078cc0	query/job_duckdb/5b/rewriteYa4.sql	job_yannakakis_rewrite/5b_rewriteYa4.sql	generated_duckdb_sum
job	job_agg/5b.sql	query/job_duckdb/5b/query.sql	f93976c0d2dbd3344a982b8f577804cb83638eff02747e7cf04db759677ad09b	ce5b1d73812c2106357df43843636dee9aed1ae63eb271a440c71769e6078cc0	query/job_duckdb/5b/rewriteYa5.sql	job_yannakakis_rewrite/5b_rewriteYa5.sql	generated_duckdb_sum
job	job_agg/5c.sql	query/job_duckdb/5c/query.sql	2820112db02f0c5575447fe34f5bd402e2b513c190cdf7d83b749b4bf9401227	f746738e451e3e5a661f935501cb9f698c4a3221edaf2d816ce8f11e81fd7459	query/job_duckdb/5c/rewriteYa0.sql	job_yannakakis_rewrite/5c_rewriteYa0.sql	generated_duckdb_sum
job	job_agg/5c.sql	query/job_duckdb/5c/query.sql	2820112db02f0c5575447fe34f5bd402e2b513c190cdf7d83b749b4bf9401227	f746738e451e3e5a661f935501cb9f698c4a3221edaf2d816ce8f11e81fd7459	query/job_duckdb/5c/rewriteYa4.sql	job_yannakakis_rewrite/5c_rewriteYa4.sql	generated_duckdb_sum
job	job_agg/5c.sql	query/job_duckdb/5c/query.sql	2820112db02f0c5575447fe34f5bd402e2b513c190cdf7d83b749b4bf9401227	f746738e451e3e5a661f935501cb9f698c4a3221edaf2d816ce8f11e81fd7459	query/job_duckdb/5c/rewriteYa5.sql	job_yannakakis_rewrite/5c_rewriteYa5.sql	generated_duckdb_sum
job	job_agg/6a.sql	query/job_duckdb/6a/query.sql	22967350e4360c49a3ba7876709bec85b374875fe9f40c15f03a1fa6755e4fc0	2bc3400c89592b2d90ff6f3256486423b1d7a7cca1c5e2aa17598b6d6d307f87	query/job_duckdb/6a/rewriteYa0.sql	job_yannakakis_rewrite/6a_rewriteYa0.sql	generated_duckdb_sum
job	job_agg/6b.sql	query/job_duckdb/6b/query.sql	f161eec68c052ad2fc747944901892ceb269ed19f2f2298644576e98c6ec87ae	858bbc1c926db3271eb1119ae705c8addd490e3836bbc3e1d0e16045d7fe0151	query/job_duckdb/6b/rewriteYa0.sql	job_yannakakis_rewrite/6b_rewriteYa0.sql	generated_duckdb_sum
job	job_agg/6c.sql	query/job_duckdb/6c/query.sql	8818d5d6129ab1e9fada751eb30f68e4655adb35473238d68817f6eb4b1e1920	ccfc563c1715cf58a071d324226bb3941630ea5abdd618a416ac6493c6cb53d0	query/job_duckdb/6c/rewriteYa0.sql	job_yannakakis_rewrite/6c_rewriteYa0.sql	generated_duckdb_sum
job	job_agg/6d.sql	query/job_duckdb/6d/query.sql	a4256a5b7773d3169c1aa7871d788bfb01224180e69348c40c45a42301470c1a	a31ced0b4084ddd5c6d4da45741acd113f7a563cbe52fbb205f4ab1a51a9c550	query/job_duckdb/6d/rewriteYa0.sql	job_yannakakis_rewrite/6d_rewriteYa0.sql	generated_duckdb_sum
job	job_agg/6e.sql	query/job_duckdb/6e/query.sql	49e18c9a0e8e0b35c6e435f7c3cfa180f6a7539b35df9e013be6bcfdf058ef45	74bd70ae5029c2c75789dbd53ff646e7b4ef6bd2432bea1c31f4255ae81bf882	query/job_duckdb/6e/rewriteYa11.sql	job_yannakakis_rewrite/6e_rewriteYa11.sql	generated_duckdb_sum
job	job_agg/6e.sql	query/job_duckdb/6e/query.sql	49e18c9a0e8e0b35c6e435f7c3cfa180f6a7539b35df9e013be6bcfdf058ef45	74bd70ae5029c2c75789dbd53ff646e7b4ef6bd2432bea1c31f4255ae81bf882	query/job_duckdb/6e/rewriteYa2.sql	job_yannakakis_rewrite/6e_rewriteYa2.sql	generated_duckdb_sum
job	job_agg/6e.sql	query/job_duckdb/6e/query.sql	49e18c9a0e8e0b35c6e435f7c3cfa180f6a7539b35df9e013be6bcfdf058ef45	74bd70ae5029c2c75789dbd53ff646e7b4ef6bd2432bea1c31f4255ae81bf882	query/job_duckdb/6e/rewriteYa9.sql	job_yannakakis_rewrite/6e_rewriteYa9.sql	generated_duckdb_sum
job	job_agg/6f.sql	query/job_duckdb/6f/query.sql	23d48d4835eaf5de2ec5493e98b6665df13f8846aff04f3d07e9e676cbfdfb10	a3fe2cc306b73345be214c943c238f565df42539bfe9db81ba241831d3184028	query/job_duckdb/6f/rewriteYa0.sql	job_yannakakis_rewrite/6f_rewriteYa0.sql	generated_duckdb_sum
job	job_agg/7a.sql	query/job_duckdb/7a/query.sql	799735df92cdb2855189d5a4b27017cd81cbd56ca02bb7ff8c81cbe097af1c17	56a48f8297021c8e45f9491942f37d5bca7facd8144946475c563240e7eb2f91	query/job_duckdb/7a/rewriteYa36.sql	job_yannakakis_rewrite/7a_rewriteYa36.sql	generated_duckdb_sum
job	job_agg/7a.sql	query/job_duckdb/7a/query.sql	799735df92cdb2855189d5a4b27017cd81cbd56ca02bb7ff8c81cbe097af1c17	56a48f8297021c8e45f9491942f37d5bca7facd8144946475c563240e7eb2f91	query/job_duckdb/7a/rewriteYa72.sql	job_yannakakis_rewrite/7a_rewriteYa72.sql	generated_duckdb_sum
job	job_agg/7a.sql	query/job_duckdb/7a/query.sql	799735df92cdb2855189d5a4b27017cd81cbd56ca02bb7ff8c81cbe097af1c17	56a48f8297021c8e45f9491942f37d5bca7facd8144946475c563240e7eb2f91	query/job_duckdb/7a/rewriteYa75.sql	job_yannakakis_rewrite/7a_rewriteYa75.sql	generated_duckdb_sum
job	job_agg/7b.sql	query/job_duckdb/7b/query.sql	9de196d8f4b872fc056944e0fc2dd7c75038590b2dad3231f194816f755e0813	4bf00909da09b3a3a55a878dec3274393783ee0e6bf087b7f9382c5ed949e82a	query/job_duckdb/7b/rewriteYa5.sql	job_yannakakis_rewrite/7b_rewriteYa5.sql	generated_duckdb_sum
job	job_agg/7b.sql	query/job_duckdb/7b/query.sql	9de196d8f4b872fc056944e0fc2dd7c75038590b2dad3231f194816f755e0813	4bf00909da09b3a3a55a878dec3274393783ee0e6bf087b7f9382c5ed949e82a	query/job_duckdb/7b/rewriteYa52.sql	job_yannakakis_rewrite/7b_rewriteYa52.sql	generated_duckdb_sum
job	job_agg/7b.sql	query/job_duckdb/7b/query.sql	9de196d8f4b872fc056944e0fc2dd7c75038590b2dad3231f194816f755e0813	4bf00909da09b3a3a55a878dec3274393783ee0e6bf087b7f9382c5ed949e82a	query/job_duckdb/7b/rewriteYa61.sql	job_yannakakis_rewrite/7b_rewriteYa61.sql	generated_duckdb_sum
job	job_agg/7c.sql	query/job_duckdb/7c/query.sql	46783ff040b137076095ee5944f6cae723313dc6187117149e8b66abcbc52cd6	873b5731ebfdb5c7be997a17c228fa313cc959c5609928b903bb1fa01656e085	query/job_duckdb/7c/rewriteYa31.sql	job_yannakakis_rewrite/7c_rewriteYa31.sql	generated_duckdb_sum
job	job_agg/7c.sql	query/job_duckdb/7c/query.sql	46783ff040b137076095ee5944f6cae723313dc6187117149e8b66abcbc52cd6	873b5731ebfdb5c7be997a17c228fa313cc959c5609928b903bb1fa01656e085	query/job_duckdb/7c/rewriteYa7.sql	job_yannakakis_rewrite/7c_rewriteYa7.sql	generated_duckdb_sum
job	job_agg/7c.sql	query/job_duckdb/7c/query.sql	46783ff040b137076095ee5944f6cae723313dc6187117149e8b66abcbc52cd6	873b5731ebfdb5c7be997a17c228fa313cc959c5609928b903bb1fa01656e085	query/job_duckdb/7c/rewriteYa91.sql	job_yannakakis_rewrite/7c_rewriteYa91.sql	generated_duckdb_sum
job	job_agg/7c.sql	query/job_duckdb/7c/query.sql	46783ff040b137076095ee5944f6cae723313dc6187117149e8b66abcbc52cd6	873b5731ebfdb5c7be997a17c228fa313cc959c5609928b903bb1fa01656e085	query/job_duckdb/7c/rewriteYa95.sql	job_yannakakis_rewrite/7c_rewriteYa95.sql	generated_duckdb_sum
job	job_agg/8a.sql	query/job_duckdb/8a/query.sql	a3c433000bc56ba5876ec8aa620b3bd7605d0bebc24d77131c99ad4c404ee4ff	b444e8797ee1301f4107e263efdc28a2ee063711663c4ba3768f6c311cafbfd9	query/job_duckdb/8a/rewriteYa0.sql	job_yannakakis_rewrite/8a_rewriteYa0.sql	generated_duckdb_sum
job	job_agg/8a.sql	query/job_duckdb/8a/query.sql	a3c433000bc56ba5876ec8aa620b3bd7605d0bebc24d77131c99ad4c404ee4ff	b444e8797ee1301f4107e263efdc28a2ee063711663c4ba3768f6c311cafbfd9	query/job_duckdb/8a/rewriteYa11.sql	job_yannakakis_rewrite/8a_rewriteYa11.sql	generated_duckdb_sum
job	job_agg/8a.sql	query/job_duckdb/8a/query.sql	a3c433000bc56ba5876ec8aa620b3bd7605d0bebc24d77131c99ad4c404ee4ff	b444e8797ee1301f4107e263efdc28a2ee063711663c4ba3768f6c311cafbfd9	query/job_duckdb/8a/rewriteYa13.sql	job_yannakakis_rewrite/8a_rewriteYa13.sql	generated_duckdb_sum
job	job_agg/8a.sql	query/job_duckdb/8a/query.sql	a3c433000bc56ba5876ec8aa620b3bd7605d0bebc24d77131c99ad4c404ee4ff	b444e8797ee1301f4107e263efdc28a2ee063711663c4ba3768f6c311cafbfd9	query/job_duckdb/8a/rewriteYa6.sql	job_yannakakis_rewrite/8a_rewriteYa6.sql	generated_duckdb_sum
job	job_agg/8b.sql	query/job_duckdb/8b/query.sql	51854c11d3e6696a0f6f30616faea10af1accb7fe073b8158a64ba72490383c1	291f3ef80cd3e02730b400e0ce8b12586be41e3c05d32366c76fce427c5ecace	query/job_duckdb/8b/rewriteYa0.sql	job_yannakakis_rewrite/8b_rewriteYa0.sql	generated_duckdb_sum
job	job_agg/8b.sql	query/job_duckdb/8b/query.sql	51854c11d3e6696a0f6f30616faea10af1accb7fe073b8158a64ba72490383c1	291f3ef80cd3e02730b400e0ce8b12586be41e3c05d32366c76fce427c5ecace	query/job_duckdb/8b/rewriteYa10.sql	job_yannakakis_rewrite/8b_rewriteYa10.sql	generated_duckdb_sum
job	job_agg/8b.sql	query/job_duckdb/8b/query.sql	51854c11d3e6696a0f6f30616faea10af1accb7fe073b8158a64ba72490383c1	291f3ef80cd3e02730b400e0ce8b12586be41e3c05d32366c76fce427c5ecace	query/job_duckdb/8b/rewriteYa13.sql	job_yannakakis_rewrite/8b_rewriteYa13.sql	generated_duckdb_sum
job	job_agg/8c.sql	query/job_duckdb/8c/query.sql	284c1839aa324f8f613004c19a5d3975ae3398b553fe568e8511411c475b1825	ac86d522af457e24c8ff7514d54a5ceb8e80b9c6f3067c0a86dec32ba5cbf91d	query/job_duckdb/8c/rewriteYa15.sql	job_yannakakis_rewrite/8c_rewriteYa15.sql	generated_duckdb_sum
job	job_agg/8c.sql	query/job_duckdb/8c/query.sql	284c1839aa324f8f613004c19a5d3975ae3398b553fe568e8511411c475b1825	ac86d522af457e24c8ff7514d54a5ceb8e80b9c6f3067c0a86dec32ba5cbf91d	query/job_duckdb/8c/rewriteYa16.sql	job_yannakakis_rewrite/8c_rewriteYa16.sql	generated_duckdb_sum
job	job_agg/8c.sql	query/job_duckdb/8c/query.sql	284c1839aa324f8f613004c19a5d3975ae3398b553fe568e8511411c475b1825	ac86d522af457e24c8ff7514d54a5ceb8e80b9c6f3067c0a86dec32ba5cbf91d	query/job_duckdb/8c/rewriteYa2.sql	job_yannakakis_rewrite/8c_rewriteYa2.sql	generated_duckdb_sum
job	job_agg/8d.sql	query/job_duckdb/8d/query.sql	d8e79f776efaeaece73bff52bdfeeff7b8e4291efaa2d47e39584aec3b6c7f85	af4596a4112d72dc56aac21919ca9e5969805b435e814cd99113b1fc539b934c	query/job_duckdb/8d/rewriteYa15.sql	job_yannakakis_rewrite/8d_rewriteYa15.sql	generated_duckdb_sum
job	job_agg/8d.sql	query/job_duckdb/8d/query.sql	d8e79f776efaeaece73bff52bdfeeff7b8e4291efaa2d47e39584aec3b6c7f85	af4596a4112d72dc56aac21919ca9e5969805b435e814cd99113b1fc539b934c	query/job_duckdb/8d/rewriteYa16.sql	job_yannakakis_rewrite/8d_rewriteYa16.sql	generated_duckdb_sum
job	job_agg/8d.sql	query/job_duckdb/8d/query.sql	d8e79f776efaeaece73bff52bdfeeff7b8e4291efaa2d47e39584aec3b6c7f85	af4596a4112d72dc56aac21919ca9e5969805b435e814cd99113b1fc539b934c	query/job_duckdb/8d/rewriteYa2.sql	job_yannakakis_rewrite/8d_rewriteYa2.sql	generated_duckdb_sum
job	job_agg/8d.sql	query/job_duckdb/8d/query.sql	d8e79f776efaeaece73bff52bdfeeff7b8e4291efaa2d47e39584aec3b6c7f85	af4596a4112d72dc56aac21919ca9e5969805b435e814cd99113b1fc539b934c	query/job_duckdb/8d/rewriteYa5.sql	job_yannakakis_rewrite/8d_rewriteYa5.sql	generated_duckdb_sum
job	job_agg/9a.sql	query/job_duckdb/9a/query.sql	ceb79a820d0e7943feeb835658c08a2f36d8422ad8d8e66128a5d649462b3b8a	af5abab0cdbc5c9cdaf5590e2d4f76bc946796a8eaf15803538d57696c8cc42e	query/job_duckdb/9a/rewriteYa0.sql	job_yannakakis_rewrite/9a_rewriteYa0.sql	generated_duckdb_sum
job	job_agg/9b.sql	query/job_duckdb/9b/query.sql	22411b685d72493a1f17c711a5cb03ce1ad5cd22eb59e82848fc6bb50da7e6b0	775a93f4c0f49f1b2d622c1ab0803e72602163bf2628b1f5c7557950c5d33590	query/job_duckdb/9b/rewriteYa10.sql	job_yannakakis_rewrite/9b_rewriteYa10.sql	generated_duckdb_sum
job	job_agg/9b.sql	query/job_duckdb/9b/query.sql	22411b685d72493a1f17c711a5cb03ce1ad5cd22eb59e82848fc6bb50da7e6b0	775a93f4c0f49f1b2d622c1ab0803e72602163bf2628b1f5c7557950c5d33590	query/job_duckdb/9b/rewriteYa24.sql	job_yannakakis_rewrite/9b_rewriteYa24.sql	generated_duckdb_sum
job	job_agg/9b.sql	query/job_duckdb/9b/query.sql	22411b685d72493a1f17c711a5cb03ce1ad5cd22eb59e82848fc6bb50da7e6b0	775a93f4c0f49f1b2d622c1ab0803e72602163bf2628b1f5c7557950c5d33590	query/job_duckdb/9b/rewriteYa32.sql	job_yannakakis_rewrite/9b_rewriteYa32.sql	generated_duckdb_sum
job	job_agg/9c.sql	query/job_duckdb/9c/query.sql	34f0316ce88a542006d8dc0ea6e297896264c61967b78cde7bd055e81ddc4638	730d6b4bf456cc3015a3b3c8379bdccd5aa06fe336237ba3ec5eafefa75422ab	query/job_duckdb/9c/rewriteYa26.sql	job_yannakakis_rewrite/9c_rewriteYa26.sql	generated_duckdb_sum
job	job_agg/9c.sql	query/job_duckdb/9c/query.sql	34f0316ce88a542006d8dc0ea6e297896264c61967b78cde7bd055e81ddc4638	730d6b4bf456cc3015a3b3c8379bdccd5aa06fe336237ba3ec5eafefa75422ab	query/job_duckdb/9c/rewriteYa43.sql	job_yannakakis_rewrite/9c_rewriteYa43.sql	generated_duckdb_sum
job	job_agg/9c.sql	query/job_duckdb/9c/query.sql	34f0316ce88a542006d8dc0ea6e297896264c61967b78cde7bd055e81ddc4638	730d6b4bf456cc3015a3b3c8379bdccd5aa06fe336237ba3ec5eafefa75422ab	query/job_duckdb/9c/rewriteYa45.sql	job_yannakakis_rewrite/9c_rewriteYa45.sql	generated_duckdb_sum
job	job_agg/9d.sql	query/job_duckdb/9d/query.sql	203ec8d202774f79a28267db06434f6fcc8754b4543aa26b8a32ae2920105a90	af5e9c1d0d6e752fbe280cd1cf341aa17832b49130d22b662fb6cd1d86637c48	query/job_duckdb/9d/rewriteYa33.sql	job_yannakakis_rewrite/9d_rewriteYa33.sql	generated_duckdb_sum
job	job_agg/9d.sql	query/job_duckdb/9d/query.sql	203ec8d202774f79a28267db06434f6fcc8754b4543aa26b8a32ae2920105a90	af5e9c1d0d6e752fbe280cd1cf341aa17832b49130d22b662fb6cd1d86637c48	query/job_duckdb/9d/rewriteYa49.sql	job_yannakakis_rewrite/9d_rewriteYa49.sql	generated_duckdb_sum
job	job_agg/9d.sql	query/job_duckdb/9d/query.sql	203ec8d202774f79a28267db06434f6fcc8754b4543aa26b8a32ae2920105a90	af5e9c1d0d6e752fbe280cd1cf341aa17832b49130d22b662fb6cd1d86637c48	query/job_duckdb/9d/rewriteYa50.sql	job_yannakakis_rewrite/9d_rewriteYa50.sql	generated_duckdb_sum
