suite,query,plan,plan_kind,source_file,repetition,execution_order,seconds,status,error
lsqb,q1,rewrite8,rewrite,lsqb-q1/rewrite8.sql,1,1,0.802000000,ok,
job,15d,rewrite7,rewrite,job-15d/rewrite7.sql,1,2,2.323000000,ok,
job,17a,rewrite5,rewrite,job-17a/rewrite5.sql,1,3,3.478000000,ok,
job,17a,rewrite3,rewrite,job-17a/rewrite3.sql,1,4,3.428000000,ok,
job,17a,query,original,job-17a/query.sql,1,5,7.828000000,ok,
job,17a,rewrite2,rewrite,job-17a/rewrite2.sql,1,6,4.026000000,ok,
job,17a,rewrite8,rewrite,job-17a/rewrite8.sql,1,7,4.312000000,ok,
job,15d,rewrite8,rewrite,job-15d/rewrite8.sql,1,8,3.707000000,ok,
job,22d,rewrite1,rewrite,job-22d/rewrite1.sql,1,9,4.271000000,ok,
lsqb,q1,rewrite3,rewrite,lsqb-q1/rewrite3.sql,1,10,1.060000000,ok,
job,2d,rewrite5,rewrite,job-2d/rewrite5.sql,1,11,8.116000000,ok,
job,22d,rewrite5,rewrite,job-22d/rewrite5.sql,1,12,7.323000000,ok,
lsqb,q1,rewrite6,rewrite,lsqb-q1/rewrite6.sql,1,13,1.180000000,ok,
job,17a,rewrite6,rewrite,job-17a/rewrite6.sql,1,14,5.765000000,ok,
job,22d,rewrite7,rewrite,job-22d/rewrite7.sql,1,15,14.786000000,ok,
job,17a,rewrite1,rewrite,job-17a/rewrite1.sql,1,16,6.718000000,ok,
job,22d,rewrite6,rewrite,job-22d/rewrite6.sql,1,17,6.954000000,ok,
lsqb,q1,rewrite4,rewrite,lsqb-q1/rewrite4.sql,1,18,1.584000000,ok,
job,2d,rewrite2,rewrite,job-2d/rewrite2.sql,1,19,1.744000000,ok,
job,17a,rewrite7,rewrite,job-17a/rewrite7.sql,1,20,4.774000000,ok,
job,15d,rewrite3,rewrite,job-15d/rewrite3.sql,1,21,2.812000000,ok,
lsqb,q1,rewrite2,rewrite,lsqb-q1/rewrite2.sql,1,22,1.628000000,ok,
job,17a,rewrite4,rewrite,job-17a/rewrite4.sql,1,23,5.996000000,ok,
job,2d,rewrite4,rewrite,job-2d/rewrite4.sql,1,24,6.543000000,ok,
job,2d,rewrite3,rewrite,job-2d/rewrite3.sql,1,25,1.281000000,ok,
job,22d,rewrite2,rewrite,job-22d/rewrite2.sql,1,26,4.074000000,ok,
job,15d,rewrite4,rewrite,job-15d/rewrite4.sql,1,27,7.124000000,ok,
job,22d,rewrite8,rewrite,job-22d/rewrite8.sql,1,28,10.699000000,ok,
job,15d,rewrite5,rewrite,job-15d/rewrite5.sql,1,29,5.378000000,ok,
job,15d,rewrite1,rewrite,job-15d/rewrite1.sql,1,30,2.845000000,ok,
job,15d,query,original,job-15d/query.sql,1,31,5.891000000,ok,
lsqb,q1,rewrite5,rewrite,lsqb-q1/rewrite5.sql,1,32,1.533000000,ok,
job,2d,rewrite6,rewrite,job-2d/rewrite6.sql,1,33,1.193000000,ok,
job,15d,rewrite6,rewrite,job-15d/rewrite6.sql,1,34,2.607000000,ok,
job,15d,rewrite2,rewrite,job-15d/rewrite2.sql,1,35,4.475000000,ok,
lsqb,q1,query,original,lsqb-q1/query.sql,1,36,4.829000000,ok,
job,22d,rewrite4,rewrite,job-22d/rewrite4.sql,1,37,4.611000000,ok,
job,2d,rewrite1,rewrite,job-2d/rewrite1.sql,1,38,2.503000000,ok,
job,22d,rewrite3,rewrite,job-22d/rewrite3.sql,1,39,5.297000000,ok,
job,2d,query,original,job-2d/query.sql,1,40,1.318000000,ok,
lsqb,q1,rewrite7,rewrite,lsqb-q1/rewrite7.sql,1,41,1.173000000,ok,
job,22d,query,original,job-22d/query.sql,1,42,9.752000000,ok,
job,15d,query,original,job-15d/query.sql,2,43,5.924000000,ok,
lsqb,q1,rewrite2,rewrite,lsqb-q1/rewrite2.sql,2,44,1.730000000,ok,
job,15d,rewrite2,rewrite,job-15d/rewrite2.sql,2,45,4.615000000,ok,
job,17a,rewrite7,rewrite,job-17a/rewrite7.sql,2,46,4.266000000,ok,
job,22d,rewrite7,rewrite,job-22d/rewrite7.sql,2,47,15.303000000,ok,
job,17a,rewrite5,rewrite,job-17a/rewrite5.sql,2,48,4.056000000,ok,
lsqb,q1,rewrite7,rewrite,lsqb-q1/rewrite7.sql,2,49,1.124000000,ok,
job,22d,rewrite8,rewrite,job-22d/rewrite8.sql,2,50,10.878000000,ok,
job,15d,rewrite8,rewrite,job-15d/rewrite8.sql,2,51,3.939000000,ok,
job,15d,rewrite7,rewrite,job-15d/rewrite7.sql,2,52,2.207000000,ok,
job,22d,rewrite3,rewrite,job-22d/rewrite3.sql,2,53,5.204000000,ok,
job,15d,rewrite3,rewrite,job-15d/rewrite3.sql,2,54,2.867000000,ok,
lsqb,q1,query,original,lsqb-q1/query.sql,2,55,6.189000000,ok,
job,22d,rewrite4,rewrite,job-22d/rewrite4.sql,2,56,5.173000000,ok,
lsqb,q1,rewrite5,rewrite,lsqb-q1/rewrite5.sql,2,57,1.550000000,ok,
job,22d,rewrite2,rewrite,job-22d/rewrite2.sql,2,58,3.476000000,ok,
job,17a,rewrite6,rewrite,job-17a/rewrite6.sql,2,59,5.177000000,ok,
job,17a,rewrite4,rewrite,job-17a/rewrite4.sql,2,60,6.710000000,ok,
job,2d,rewrite2,rewrite,job-2d/rewrite2.sql,2,61,1.669000000,ok,
lsqb,q1,rewrite3,rewrite,lsqb-q1/rewrite3.sql,2,62,1.114000000,ok,
job,2d,rewrite1,rewrite,job-2d/rewrite1.sql,2,63,2.455000000,ok,
job,15d,rewrite4,rewrite,job-15d/rewrite4.sql,2,64,8.358000000,ok,
job,17a,rewrite1,rewrite,job-17a/rewrite1.sql,2,65,6.242000000,ok,
job,22d,rewrite5,rewrite,job-22d/rewrite5.sql,2,66,7.503000000,ok,
job,15d,rewrite5,rewrite,job-15d/rewrite5.sql,2,67,5.203000000,ok,
job,2d,query,original,job-2d/query.sql,2,68,1.116000000,ok,
job,2d,rewrite6,rewrite,job-2d/rewrite6.sql,2,69,1.206000000,ok,
job,17a,rewrite8,rewrite,job-17a/rewrite8.sql,2,70,3.940000000,ok,
job,17a,rewrite2,rewrite,job-17a/rewrite2.sql,2,71,3.922000000,ok,
lsqb,q1,rewrite6,rewrite,lsqb-q1/rewrite6.sql,2,72,1.004000000,ok,
job,22d,rewrite1,rewrite,job-22d/rewrite1.sql,2,73,4.107000000,ok,
lsqb,q1,rewrite8,rewrite,lsqb-q1/rewrite8.sql,2,74,1.064000000,ok,
job,2d,rewrite3,rewrite,job-2d/rewrite3.sql,2,75,1.030000000,ok,
job,15d,rewrite6,rewrite,job-15d/rewrite6.sql,2,76,2.656000000,ok,
job,15d,rewrite1,rewrite,job-15d/rewrite1.sql,2,77,2.740000000,ok,
job,2d,rewrite5,rewrite,job-2d/rewrite5.sql,2,78,7.465000000,ok,
job,2d,rewrite4,rewrite,job-2d/rewrite4.sql,2,79,7.993000000,ok,
job,17a,query,original,job-17a/query.sql,2,80,7.419000000,ok,
job,22d,rewrite6,rewrite,job-22d/rewrite6.sql,2,81,7.359000000,ok,
job,17a,rewrite3,rewrite,job-17a/rewrite3.sql,2,82,3.818000000,ok,
lsqb,q1,rewrite4,rewrite,lsqb-q1/rewrite4.sql,2,83,1.604000000,ok,
job,22d,query,original,job-22d/query.sql,2,84,9.088000000,ok,
lsqb,q1,query,original,lsqb-q1/query.sql,3,85,4.941000000,ok,
lsqb,q1,rewrite5,rewrite,lsqb-q1/rewrite5.sql,3,86,1.405000000,ok,
job,17a,rewrite2,rewrite,job-17a/rewrite2.sql,3,87,3.999000000,ok,
lsqb,q1,rewrite2,rewrite,lsqb-q1/rewrite2.sql,3,88,1.620000000,ok,
job,15d,rewrite2,rewrite,job-15d/rewrite2.sql,3,89,3.963000000,ok,
lsqb,q1,rewrite8,rewrite,lsqb-q1/rewrite8.sql,3,90,1.123000000,ok,
job,22d,rewrite3,rewrite,job-22d/rewrite3.sql,3,91,4.928000000,ok,
job,22d,rewrite5,rewrite,job-22d/rewrite5.sql,3,92,8.021000000,ok,
job,2d,rewrite1,rewrite,job-2d/rewrite1.sql,3,93,2.466000000,ok,
lsqb,q1,rewrite7,rewrite,lsqb-q1/rewrite7.sql,3,94,1.123000000,ok,
job,22d,rewrite6,rewrite,job-22d/rewrite6.sql,3,95,7.911000000,ok,
job,2d,rewrite3,rewrite,job-2d/rewrite3.sql,3,96,1.455000000,ok,
job,22d,rewrite2,rewrite,job-22d/rewrite2.sql,3,97,3.899000000,ok,
job,17a,rewrite4,rewrite,job-17a/rewrite4.sql,3,98,6.387000000,ok,
job,15d,query,original,job-15d/query.sql,3,99,5.372000000,ok,
job,17a,rewrite8,rewrite,job-17a/rewrite8.sql,3,100,3.843000000,ok,
lsqb,q1,rewrite4,rewrite,lsqb-q1/rewrite4.sql,3,101,1.664000000,ok,
job,17a,rewrite6,rewrite,job-17a/rewrite6.sql,3,102,5.473000000,ok,
job,22d,query,original,job-22d/query.sql,3,103,9.428000000,ok,
job,15d,rewrite3,rewrite,job-15d/rewrite3.sql,3,104,2.849000000,ok,
job,17a,rewrite5,rewrite,job-17a/rewrite5.sql,3,105,4.262000000,ok,
job,15d,rewrite5,rewrite,job-15d/rewrite5.sql,3,106,5.194000000,ok,
job,22d,rewrite8,rewrite,job-22d/rewrite8.sql,3,107,9.907000000,ok,
lsqb,q1,rewrite6,rewrite,lsqb-q1/rewrite6.sql,3,108,1.028000000,ok,
job,15d,rewrite4,rewrite,job-15d/rewrite4.sql,3,109,7.749000000,ok,
job,2d,rewrite2,rewrite,job-2d/rewrite2.sql,3,110,1.755000000,ok,
job,17a,rewrite7,rewrite,job-17a/rewrite7.sql,3,111,4.652000000,ok,
job,22d,rewrite1,rewrite,job-22d/rewrite1.sql,3,112,3.913000000,ok,
job,2d,rewrite5,rewrite,job-2d/rewrite5.sql,3,113,6.854000000,ok,
job,17a,rewrite1,rewrite,job-17a/rewrite1.sql,3,114,6.541000000,ok,
job,15d,rewrite1,rewrite,job-15d/rewrite1.sql,3,115,2.921000000,ok,
job,22d,rewrite7,rewrite,job-22d/rewrite7.sql,3,116,13.996000000,ok,
job,17a,rewrite3,rewrite,job-17a/rewrite3.sql,3,117,3.913000000,ok,
job,17a,query,original,job-17a/query.sql,3,118,7.317000000,ok,
job,2d,query,original,job-2d/query.sql,3,119,1.254000000,ok,
job,15d,rewrite8,rewrite,job-15d/rewrite8.sql,3,120,3.439000000,ok,
job,2d,rewrite6,rewrite,job-2d/rewrite6.sql,3,121,1.178000000,ok,
job,15d,rewrite7,rewrite,job-15d/rewrite7.sql,3,122,2.201000000,ok,
lsqb,q1,rewrite3,rewrite,lsqb-q1/rewrite3.sql,3,123,1.071000000,ok,
job,2d,rewrite4,rewrite,job-2d/rewrite4.sql,3,124,8.235000000,ok,
job,15d,rewrite6,rewrite,job-15d/rewrite6.sql,3,125,2.682000000,ok,
job,22d,rewrite4,rewrite,job-22d/rewrite4.sql,3,126,4.540000000,ok,
job,17a,rewrite3,rewrite,job-17a/rewrite3.sql,4,127,4.020000000,ok,
job,2d,query,original,job-2d/query.sql,4,128,1.240000000,ok,
lsqb,q1,rewrite3,rewrite,lsqb-q1/rewrite3.sql,4,129,1.071000000,ok,
job,15d,rewrite6,rewrite,job-15d/rewrite6.sql,4,130,2.696000000,ok,
job,2d,rewrite2,rewrite,job-2d/rewrite2.sql,4,131,1.689000000,ok,
job,15d,rewrite4,rewrite,job-15d/rewrite4.sql,4,132,8.662000000,ok,
job,22d,rewrite2,rewrite,job-22d/rewrite2.sql,4,133,4.490000000,ok,
lsqb,q1,rewrite7,rewrite,lsqb-q1/rewrite7.sql,4,134,1.111000000,ok,
job,15d,rewrite8,rewrite,job-15d/rewrite8.sql,4,135,3.608000000,ok,
job,22d,rewrite3,rewrite,job-22d/rewrite3.sql,4,136,4.956000000,ok,
job,2d,rewrite3,rewrite,job-2d/rewrite3.sql,4,137,1.104000000,ok,
job,2d,rewrite1,rewrite,job-2d/rewrite1.sql,4,138,2.480000000,ok,
job,15d,rewrite5,rewrite,job-15d/rewrite5.sql,4,139,5.042000000,ok,
job,17a,query,original,job-17a/query.sql,4,140,6.606000000,ok,
job,15d,rewrite2,rewrite,job-15d/rewrite2.sql,4,141,4.264000000,ok,
job,17a,rewrite2,rewrite,job-17a/rewrite2.sql,4,142,4.131000000,ok,
job,22d,rewrite4,rewrite,job-22d/rewrite4.sql,4,143,5.282000000,ok,
lsqb,q1,rewrite2,rewrite,lsqb-q1/rewrite2.sql,4,144,1.598000000,ok,
job,15d,rewrite7,rewrite,job-15d/rewrite7.sql,4,145,2.234000000,ok,
job,17a,rewrite4,rewrite,job-17a/rewrite4.sql,4,146,6.532000000,ok,
job,22d,query,original,job-22d/query.sql,4,147,9.999000000,ok,
job,22d,rewrite1,rewrite,job-22d/rewrite1.sql,4,148,3.919000000,ok,
job,17a,rewrite1,rewrite,job-17a/rewrite1.sql,4,149,6.509000000,ok,
lsqb,q1,rewrite4,rewrite,lsqb-q1/rewrite4.sql,4,150,1.602000000,ok,
job,17a,rewrite6,rewrite,job-17a/rewrite6.sql,4,151,5.545000000,ok,
lsqb,q1,rewrite6,rewrite,lsqb-q1/rewrite6.sql,4,152,1.165000000,ok,
job,15d,query,original,job-15d/query.sql,4,153,5.322000000,ok,
job,22d,rewrite8,rewrite,job-22d/rewrite8.sql,4,154,10.081000000,ok,
job,2d,rewrite4,rewrite,job-2d/rewrite4.sql,4,155,7.039000000,ok,
job,2d,rewrite6,rewrite,job-2d/rewrite6.sql,4,156,1.109000000,ok,
lsqb,q1,rewrite5,rewrite,lsqb-q1/rewrite5.sql,4,157,1.568000000,ok,
job,22d,rewrite6,rewrite,job-22d/rewrite6.sql,4,158,7.577000000,ok,
job,15d,rewrite1,rewrite,job-15d/rewrite1.sql,4,159,2.856000000,ok,
lsqb,q1,rewrite8,rewrite,lsqb-q1/rewrite8.sql,4,160,1.161000000,ok,
job,17a,rewrite8,rewrite,job-17a/rewrite8.sql,4,161,4.355000000,ok,
job,17a,rewrite5,rewrite,job-17a/rewrite5.sql,4,162,4.076000000,ok,
job,2d,rewrite5,rewrite,job-2d/rewrite5.sql,4,163,6.554000000,ok,
job,15d,rewrite3,rewrite,job-15d/rewrite3.sql,4,164,2.471000000,ok,
lsqb,q1,query,original,lsqb-q1/query.sql,4,165,4.751000000,ok,
job,17a,rewrite7,rewrite,job-17a/rewrite7.sql,4,166,4.470000000,ok,
job,22d,rewrite5,rewrite,job-22d/rewrite5.sql,4,167,7.284000000,ok,
job,22d,rewrite7,rewrite,job-22d/rewrite7.sql,4,168,14.458000000,ok,
job,15d,rewrite6,rewrite,job-15d/rewrite6.sql,5,169,2.675000000,ok,
job,15d,rewrite7,rewrite,job-15d/rewrite7.sql,5,170,2.305000000,ok,
job,2d,rewrite2,rewrite,job-2d/rewrite2.sql,5,171,1.778000000,ok,
job,15d,rewrite2,rewrite,job-15d/rewrite2.sql,5,172,4.104000000,ok,
job,2d,rewrite3,rewrite,job-2d/rewrite3.sql,5,173,1.320000000,ok,
job,22d,rewrite6,rewrite,job-22d/rewrite6.sql,5,174,7.418000000,ok,
job,17a,rewrite5,rewrite,job-17a/rewrite5.sql,5,175,3.712000000,ok,
job,2d,rewrite6,rewrite,job-2d/rewrite6.sql,5,176,1.177000000,ok,
job,15d,rewrite8,rewrite,job-15d/rewrite8.sql,5,177,3.567000000,ok,
job,22d,rewrite1,rewrite,job-22d/rewrite1.sql,5,178,4.363000000,ok,
job,22d,query,original,job-22d/query.sql,5,179,9.703000000,ok,
job,17a,rewrite7,rewrite,job-17a/rewrite7.sql,5,180,4.357000000,ok,
job,15d,rewrite5,rewrite,job-15d/rewrite5.sql,5,181,4.969000000,ok,
job,17a,query,original,job-17a/query.sql,5,182,7.570000000,ok,
lsqb,q1,rewrite5,rewrite,lsqb-q1/rewrite5.sql,5,183,1.301000000,ok,
job,2d,rewrite5,rewrite,job-2d/rewrite5.sql,5,184,6.726000000,ok,
job,22d,rewrite8,rewrite,job-22d/rewrite8.sql,5,185,10.572000000,ok,
lsqb,q1,rewrite7,rewrite,lsqb-q1/rewrite7.sql,5,186,1.130000000,ok,
job,17a,rewrite2,rewrite,job-17a/rewrite2.sql,5,187,3.273000000,ok,
job,17a,rewrite3,rewrite,job-17a/rewrite3.sql,5,188,3.823000000,ok,
job,17a,rewrite8,rewrite,job-17a/rewrite8.sql,5,189,4.247000000,ok,
job,15d,rewrite4,rewrite,job-15d/rewrite4.sql,5,190,8.354000000,ok,
lsqb,q1,rewrite6,rewrite,lsqb-q1/rewrite6.sql,5,191,1.035000000,ok,
job,22d,rewrite5,rewrite,job-22d/rewrite5.sql,5,192,7.744000000,ok,
lsqb,q1,query,original,lsqb-q1/query.sql,5,193,4.644000000,ok,
job,22d,rewrite4,rewrite,job-22d/rewrite4.sql,5,194,5.031000000,ok,
job,22d,rewrite3,rewrite,job-22d/rewrite3.sql,5,195,5.288000000,ok,
lsqb,q1,rewrite4,rewrite,lsqb-q1/rewrite4.sql,5,196,1.566000000,ok,
job,15d,query,original,job-15d/query.sql,5,197,5.806000000,ok,
job,22d,rewrite7,rewrite,job-22d/rewrite7.sql,5,198,15.134000000,ok,
lsqb,q1,rewrite8,rewrite,lsqb-q1/rewrite8.sql,5,199,1.031000000,ok,
job,15d,rewrite1,rewrite,job-15d/rewrite1.sql,5,200,2.693000000,ok,
job,17a,rewrite4,rewrite,job-17a/rewrite4.sql,5,201,6.592000000,ok,
job,2d,query,original,job-2d/query.sql,5,202,1.346000000,ok,
job,22d,rewrite2,rewrite,job-22d/rewrite2.sql,5,203,3.857000000,ok,
job,15d,rewrite3,rewrite,job-15d/rewrite3.sql,5,204,2.745000000,ok,
job,2d,rewrite4,rewrite,job-2d/rewrite4.sql,5,205,6.896000000,ok,
job,17a,rewrite6,rewrite,job-17a/rewrite6.sql,5,206,5.873000000,ok,
job,2d,rewrite1,rewrite,job-2d/rewrite1.sql,5,207,2.509000000,ok,
lsqb,q1,rewrite2,rewrite,lsqb-q1/rewrite2.sql,5,208,1.619000000,ok,
job,17a,rewrite1,rewrite,job-17a/rewrite1.sql,5,209,6.669000000,ok,
lsqb,q1,rewrite3,rewrite,lsqb-q1/rewrite3.sql,5,210,1.010000000,ok,
lsqb,q1,rewrite2,rewrite,lsqb-q1/rewrite2.sql,6,211,1.648000000,ok,
job,17a,rewrite5,rewrite,job-17a/rewrite5.sql,6,212,4.193000000,ok,
job,22d,rewrite1,rewrite,job-22d/rewrite1.sql,6,213,4.021000000,ok,
job,2d,rewrite3,rewrite,job-2d/rewrite3.sql,6,214,1.252000000,ok,
lsqb,q1,rewrite4,rewrite,lsqb-q1/rewrite4.sql,6,215,1.591000000,ok,
lsqb,q1,rewrite7,rewrite,lsqb-q1/rewrite7.sql,6,216,1.124000000,ok,
job,2d,rewrite5,rewrite,job-2d/rewrite5.sql,6,217,8.194000000,ok,
job,2d,rewrite4,rewrite,job-2d/rewrite4.sql,6,218,6.782000000,ok,
job,2d,query,original,job-2d/query.sql,6,219,1.301000000,ok,
job,2d,rewrite1,rewrite,job-2d/rewrite1.sql,6,220,2.565000000,ok,
job,15d,rewrite7,rewrite,job-15d/rewrite7.sql,6,221,2.215000000,ok,
lsqb,q1,rewrite8,rewrite,lsqb-q1/rewrite8.sql,6,222,1.004000000,ok,
job,15d,rewrite1,rewrite,job-15d/rewrite1.sql,6,223,2.882000000,ok,
lsqb,q1,query,original,lsqb-q1/query.sql,6,224,4.964000000,ok,
job,17a,rewrite6,rewrite,job-17a/rewrite6.sql,6,225,4.989000000,ok,
job,22d,query,original,job-22d/query.sql,6,226,9.994000000,ok,
job,22d,rewrite7,rewrite,job-22d/rewrite7.sql,6,227,14.852000000,ok,
job,22d,rewrite3,rewrite,job-22d/rewrite3.sql,6,228,5.050000000,ok,
job,15d,rewrite5,rewrite,job-15d/rewrite5.sql,6,229,5.603000000,ok,
job,17a,rewrite4,rewrite,job-17a/rewrite4.sql,6,230,6.544000000,ok,
job,15d,rewrite3,rewrite,job-15d/rewrite3.sql,6,231,2.613000000,ok,
job,17a,rewrite3,rewrite,job-17a/rewrite3.sql,6,232,3.951000000,ok,
job,17a,rewrite7,rewrite,job-17a/rewrite7.sql,6,233,4.291000000,ok,
job,15d,rewrite6,rewrite,job-15d/rewrite6.sql,6,234,2.800000000,ok,
job,22d,rewrite5,rewrite,job-22d/rewrite5.sql,6,235,7.280000000,ok,
job,2d,rewrite6,rewrite,job-2d/rewrite6.sql,6,236,1.130000000,ok,
job,17a,query,original,job-17a/query.sql,6,237,7.782000000,ok,
job,15d,rewrite4,rewrite,job-15d/rewrite4.sql,6,238,7.487000000,ok,
lsqb,q1,rewrite3,rewrite,lsqb-q1/rewrite3.sql,6,239,1.118000000,ok,
job,2d,rewrite2,rewrite,job-2d/rewrite2.sql,6,240,1.716000000,ok,
lsqb,q1,rewrite5,rewrite,lsqb-q1/rewrite5.sql,6,241,1.619000000,ok,
job,17a,rewrite1,rewrite,job-17a/rewrite1.sql,6,242,6.671000000,ok,
job,15d,query,original,job-15d/query.sql,6,243,5.063000000,ok,
job,22d,rewrite2,rewrite,job-22d/rewrite2.sql,6,244,3.808000000,ok,
lsqb,q1,rewrite6,rewrite,lsqb-q1/rewrite6.sql,6,245,1.067000000,ok,
job,22d,rewrite4,rewrite,job-22d/rewrite4.sql,6,246,4.626000000,ok,
job,15d,rewrite8,rewrite,job-15d/rewrite8.sql,6,247,4.157000000,ok,
job,15d,rewrite2,rewrite,job-15d/rewrite2.sql,6,248,4.559000000,ok,
job,17a,rewrite2,rewrite,job-17a/rewrite2.sql,6,249,3.864000000,ok,
job,22d,rewrite6,rewrite,job-22d/rewrite6.sql,6,250,7.589000000,ok,
job,22d,rewrite8,rewrite,job-22d/rewrite8.sql,6,251,10.346000000,ok,
job,17a,rewrite8,rewrite,job-17a/rewrite8.sql,6,252,4.077000000,ok,
lsqb,q1,rewrite4,rewrite,lsqb-q1/rewrite4.sql,7,253,1.512000000,ok,
job,17a,rewrite6,rewrite,job-17a/rewrite6.sql,7,254,5.328000000,ok,
job,15d,rewrite1,rewrite,job-15d/rewrite1.sql,7,255,2.733000000,ok,
lsqb,q1,rewrite8,rewrite,lsqb-q1/rewrite8.sql,7,256,1.079000000,ok,
job,2d,rewrite6,rewrite,job-2d/rewrite6.sql,7,257,1.142000000,ok,
job,22d,rewrite5,rewrite,job-22d/rewrite5.sql,7,258,7.681000000,ok,
job,2d,rewrite5,rewrite,job-2d/rewrite5.sql,7,259,6.556000000,ok,
job,15d,rewrite2,rewrite,job-15d/rewrite2.sql,7,260,4.113000000,ok,
job,17a,rewrite5,rewrite,job-17a/rewrite5.sql,7,261,4.272000000,ok,
job,15d,rewrite3,rewrite,job-15d/rewrite3.sql,7,262,2.840000000,ok,
job,15d,rewrite5,rewrite,job-15d/rewrite5.sql,7,263,4.888000000,ok,
job,17a,rewrite8,rewrite,job-17a/rewrite8.sql,7,264,4.357000000,ok,
job,17a,rewrite2,rewrite,job-17a/rewrite2.sql,7,265,3.866000000,ok,
lsqb,q1,rewrite7,rewrite,lsqb-q1/rewrite7.sql,7,266,1.095000000,ok,
job,17a,rewrite3,rewrite,job-17a/rewrite3.sql,7,267,3.915000000,ok,
job,22d,rewrite4,rewrite,job-22d/rewrite4.sql,7,268,4.185000000,ok,
job,2d,query,original,job-2d/query.sql,7,269,1.379000000,ok,
job,22d,rewrite7,rewrite,job-22d/rewrite7.sql,7,270,15.326000000,ok,
job,17a,query,original,job-17a/query.sql,7,271,7.422000000,ok,
lsqb,q1,rewrite5,rewrite,lsqb-q1/rewrite5.sql,7,272,1.288000000,ok,
job,22d,rewrite8,rewrite,job-22d/rewrite8.sql,7,273,8.113000000,ok,
job,22d,rewrite2,rewrite,job-22d/rewrite2.sql,7,274,4.176000000,ok,
job,15d,rewrite8,rewrite,job-15d/rewrite8.sql,7,275,4.634000000,ok,
lsqb,q1,query,original,lsqb-q1/query.sql,7,276,4.744000000,ok,
lsqb,q1,rewrite2,rewrite,lsqb-q1/rewrite2.sql,7,277,1.366000000,ok,
job,22d,rewrite6,rewrite,job-22d/rewrite6.sql,7,278,7.404000000,ok,
job,22d,query,original,job-22d/query.sql,7,279,9.159000000,ok,
job,2d,rewrite4,rewrite,job-2d/rewrite4.sql,7,280,7.029000000,ok,
job,15d,rewrite7,rewrite,job-15d/rewrite7.sql,7,281,2.307000000,ok,
lsqb,q1,rewrite3,rewrite,lsqb-q1/rewrite3.sql,7,282,1.024000000,ok,
job,17a,rewrite1,rewrite,job-17a/rewrite1.sql,7,283,6.597000000,ok,
job,15d,rewrite6,rewrite,job-15d/rewrite6.sql,7,284,2.774000000,ok,
job,15d,query,original,job-15d/query.sql,7,285,5.802000000,ok,
lsqb,q1,rewrite6,rewrite,lsqb-q1/rewrite6.sql,7,286,1.083000000,ok,
job,17a,rewrite7,rewrite,job-17a/rewrite7.sql,7,287,4.537000000,ok,
job,15d,rewrite4,rewrite,job-15d/rewrite4.sql,7,288,8.114000000,ok,
job,17a,rewrite4,rewrite,job-17a/rewrite4.sql,7,289,6.585000000,ok,
job,22d,rewrite1,rewrite,job-22d/rewrite1.sql,7,290,4.351000000,ok,
job,2d,rewrite1,rewrite,job-2d/rewrite1.sql,7,291,2.404000000,ok,
job,2d,rewrite2,rewrite,job-2d/rewrite2.sql,7,292,1.757000000,ok,
job,22d,rewrite3,rewrite,job-22d/rewrite3.sql,7,293,5.168000000,ok,
job,2d,rewrite3,rewrite,job-2d/rewrite3.sql,7,294,1.269000000,ok,
job,15d,rewrite5,rewrite,job-15d/rewrite5.sql,8,295,4.664000000,ok,
job,22d,rewrite8,rewrite,job-22d/rewrite8.sql,8,296,10.359000000,ok,
job,17a,rewrite3,rewrite,job-17a/rewrite3.sql,8,297,3.975000000,ok,
job,15d,rewrite1,rewrite,job-15d/rewrite1.sql,8,298,2.771000000,ok,
job,22d,rewrite2,rewrite,job-22d/rewrite2.sql,8,299,4.195000000,ok,
job,2d,rewrite5,rewrite,job-2d/rewrite5.sql,8,300,6.572000000,ok,
job,2d,rewrite4,rewrite,job-2d/rewrite4.sql,8,301,6.991000000,ok,
job,22d,rewrite4,rewrite,job-22d/rewrite4.sql,8,302,4.687000000,ok,
lsqb,q1,rewrite2,rewrite,lsqb-q1/rewrite2.sql,8,303,1.610000000,ok,
job,17a,rewrite4,rewrite,job-17a/rewrite4.sql,8,304,6.931000000,ok,
job,17a,rewrite6,rewrite,job-17a/rewrite6.sql,8,305,5.944000000,ok,
lsqb,q1,rewrite5,rewrite,lsqb-q1/rewrite5.sql,8,306,1.628000000,ok,
job,2d,rewrite6,rewrite,job-2d/rewrite6.sql,8,307,1.060000000,ok,
job,22d,query,original,job-22d/query.sql,8,308,8.847000000,ok,
job,17a,rewrite5,rewrite,job-17a/rewrite5.sql,8,309,4.295000000,ok,
lsqb,q1,rewrite8,rewrite,lsqb-q1/rewrite8.sql,8,310,1.039000000,ok,
job,17a,rewrite1,rewrite,job-17a/rewrite1.sql,8,311,6.223000000,ok,
job,17a,rewrite7,rewrite,job-17a/rewrite7.sql,8,312,4.783000000,ok,
lsqb,q1,rewrite4,rewrite,lsqb-q1/rewrite4.sql,8,313,1.568000000,ok,
job,15d,query,original,job-15d/query.sql,8,314,5.814000000,ok,
job,22d,rewrite6,rewrite,job-22d/rewrite6.sql,8,315,8.135000000,ok,
job,2d,rewrite1,rewrite,job-2d/rewrite1.sql,8,316,2.599000000,ok,
job,22d,rewrite5,rewrite,job-22d/rewrite5.sql,8,317,7.614000000,ok,
lsqb,q1,rewrite7,rewrite,lsqb-q1/rewrite7.sql,8,318,1.196000000,ok,
job,15d,rewrite8,rewrite,job-15d/rewrite8.sql,8,319,3.647000000,ok,
job,17a,rewrite2,rewrite,job-17a/rewrite2.sql,8,320,3.285000000,ok,
job,22d,rewrite3,rewrite,job-22d/rewrite3.sql,8,321,5.228000000,ok,
job,15d,rewrite2,rewrite,job-15d/rewrite2.sql,8,322,4.627000000,ok,
job,15d,rewrite6,rewrite,job-15d/rewrite6.sql,8,323,2.767000000,ok,
job,2d,rewrite2,rewrite,job-2d/rewrite2.sql,8,324,1.834000000,ok,
lsqb,q1,rewrite6,rewrite,lsqb-q1/rewrite6.sql,8,325,1.074000000,ok,
job,2d,rewrite3,rewrite,job-2d/rewrite3.sql,8,326,1.232000000,ok,
job,22d,rewrite1,rewrite,job-22d/rewrite1.sql,8,327,4.316000000,ok,
job,17a,query,original,job-17a/query.sql,8,328,5.647000000,ok,
lsqb,q1,rewrite3,rewrite,lsqb-q1/rewrite3.sql,8,329,1.021000000,ok,
job,2d,query,original,job-2d/query.sql,8,330,1.304000000,ok,
lsqb,q1,query,original,lsqb-q1/query.sql,8,331,4.755000000,ok,
job,17a,rewrite8,rewrite,job-17a/rewrite8.sql,8,332,3.932000000,ok,
job,15d,rewrite7,rewrite,job-15d/rewrite7.sql,8,333,2.288000000,ok,
job,15d,rewrite3,rewrite,job-15d/rewrite3.sql,8,334,2.893000000,ok,
job,15d,rewrite4,rewrite,job-15d/rewrite4.sql,8,335,8.056000000,ok,
job,22d,rewrite7,rewrite,job-22d/rewrite7.sql,8,336,15.678000000,ok,
lsqb,q1,rewrite4,rewrite,lsqb-q1/rewrite4.sql,9,337,1.481000000,ok,
job,22d,query,original,job-22d/query.sql,9,338,9.263000000,ok,
job,15d,rewrite7,rewrite,job-15d/rewrite7.sql,9,339,2.154000000,ok,
job,17a,rewrite3,rewrite,job-17a/rewrite3.sql,9,340,3.983000000,ok,
job,2d,query,original,job-2d/query.sql,9,341,1.160000000,ok,
job,22d,rewrite5,rewrite,job-22d/rewrite5.sql,9,342,6.879000000,ok,
job,2d,rewrite5,rewrite,job-2d/rewrite5.sql,9,343,9.484000000,ok,
job,15d,query,original,job-15d/query.sql,9,344,5.468000000,ok,
job,22d,rewrite1,rewrite,job-22d/rewrite1.sql,9,345,4.661000000,ok,
job,22d,rewrite8,rewrite,job-22d/rewrite8.sql,9,346,9.672000000,ok,
job,17a,rewrite6,rewrite,job-17a/rewrite6.sql,9,347,4.812000000,ok,
job,17a,rewrite2,rewrite,job-17a/rewrite2.sql,9,348,4.284000000,ok,
lsqb,q1,rewrite7,rewrite,lsqb-q1/rewrite7.sql,9,349,1.171000000,ok,
job,2d,rewrite4,rewrite,job-2d/rewrite4.sql,9,350,7.440000000,ok,
job,17a,rewrite5,rewrite,job-17a/rewrite5.sql,9,351,4.323000000,ok,
job,15d,rewrite4,rewrite,job-15d/rewrite4.sql,9,352,7.777000000,ok,
job,15d,rewrite2,rewrite,job-15d/rewrite2.sql,9,353,4.282000000,ok,
job,17a,rewrite8,rewrite,job-17a/rewrite8.sql,9,354,4.197000000,ok,
job,22d,rewrite2,rewrite,job-22d/rewrite2.sql,9,355,4.264000000,ok,
job,2d,rewrite3,rewrite,job-2d/rewrite3.sql,9,356,1.359000000,ok,
job,17a,rewrite1,rewrite,job-17a/rewrite1.sql,9,357,6.390000000,ok,
job,17a,query,original,job-17a/query.sql,9,358,7.142000000,ok,
job,22d,rewrite4,rewrite,job-22d/rewrite4.sql,9,359,4.739000000,ok,
job,2d,rewrite2,rewrite,job-2d/rewrite2.sql,9,360,1.671000000,ok,
lsqb,q1,rewrite6,rewrite,lsqb-q1/rewrite6.sql,9,361,1.152000000,ok,
job,17a,rewrite4,rewrite,job-17a/rewrite4.sql,9,362,6.551000000,ok,
job,15d,rewrite1,rewrite,job-15d/rewrite1.sql,9,363,2.667000000,ok,
job,22d,rewrite6,rewrite,job-22d/rewrite6.sql,9,364,7.867000000,ok,
lsqb,q1,rewrite5,rewrite,lsqb-q1/rewrite5.sql,9,365,1.620000000,ok,
lsqb,q1,rewrite8,rewrite,lsqb-q1/rewrite8.sql,9,366,1.067000000,ok,
job,2d,rewrite1,rewrite,job-2d/rewrite1.sql,9,367,2.491000000,ok,
lsqb,q1,rewrite2,rewrite,lsqb-q1/rewrite2.sql,9,368,1.603000000,ok,
job,15d,rewrite3,rewrite,job-15d/rewrite3.sql,9,369,2.857000000,ok,
job,22d,rewrite3,rewrite,job-22d/rewrite3.sql,9,370,4.782000000,ok,
job,17a,rewrite7,rewrite,job-17a/rewrite7.sql,9,371,4.523000000,ok,
job,2d,rewrite6,rewrite,job-2d/rewrite6.sql,9,372,1.190000000,ok,
job,15d,rewrite6,rewrite,job-15d/rewrite6.sql,9,373,2.721000000,ok,
lsqb,q1,query,original,lsqb-q1/query.sql,9,374,4.741000000,ok,
lsqb,q1,rewrite3,rewrite,lsqb-q1/rewrite3.sql,9,375,0.806000000,ok,
job,15d,rewrite5,rewrite,job-15d/rewrite5.sql,9,376,5.565000000,ok,
job,15d,rewrite8,rewrite,job-15d/rewrite8.sql,9,377,3.594000000,ok,
job,22d,rewrite7,rewrite,job-22d/rewrite7.sql,9,378,14.555000000,ok,
job,22d,rewrite2,rewrite,job-22d/rewrite2.sql,10,379,4.443000000,ok,
job,17a,rewrite2,rewrite,job-17a/rewrite2.sql,10,380,3.263000000,ok,
lsqb,q1,rewrite3,rewrite,lsqb-q1/rewrite3.sql,10,381,1.115000000,ok,
lsqb,q1,rewrite6,rewrite,lsqb-q1/rewrite6.sql,10,382,1.076000000,ok,
job,15d,rewrite8,rewrite,job-15d/rewrite8.sql,10,383,3.584000000,ok,
lsqb,q1,query,original,lsqb-q1/query.sql,10,384,4.837000000,ok,
job,22d,query,original,job-22d/query.sql,10,385,9.713000000,ok,
lsqb,q1,rewrite5,rewrite,lsqb-q1/rewrite5.sql,10,386,1.270000000,ok,
job,17a,rewrite3,rewrite,job-17a/rewrite3.sql,10,387,3.942000000,ok,
job,22d,rewrite6,rewrite,job-22d/rewrite6.sql,10,388,7.646000000,ok,
job,2d,rewrite6,rewrite,job-2d/rewrite6.sql,10,389,1.197000000,ok,
lsqb,q1,rewrite4,rewrite,lsqb-q1/rewrite4.sql,10,390,1.594000000,ok,
job,17a,query,original,job-17a/query.sql,10,391,7.079000000,ok,
job,17a,rewrite4,rewrite,job-17a/rewrite4.sql,10,392,6.353000000,ok,
job,15d,query,original,job-15d/query.sql,10,393,5.137000000,ok,
job,22d,rewrite5,rewrite,job-22d/rewrite5.sql,10,394,7.848000000,ok,
job,15d,rewrite6,rewrite,job-15d/rewrite6.sql,10,395,2.723000000,ok,
job,17a,rewrite1,rewrite,job-17a/rewrite1.sql,10,396,6.682000000,ok,
job,15d,rewrite4,rewrite,job-15d/rewrite4.sql,10,397,8.312000000,ok,
job,17a,rewrite6,rewrite,job-17a/rewrite6.sql,10,398,5.837000000,ok,
job,2d,rewrite1,rewrite,job-2d/rewrite1.sql,10,399,2.427000000,ok,
job,15d,rewrite1,rewrite,job-15d/rewrite1.sql,10,400,2.970000000,ok,
job,2d,rewrite4,rewrite,job-2d/rewrite4.sql,10,401,7.609000000,ok,
job,2d,rewrite2,rewrite,job-2d/rewrite2.sql,10,402,1.831000000,ok,
lsqb,q1,rewrite8,rewrite,lsqb-q1/rewrite8.sql,10,403,1.032000000,ok,
job,17a,rewrite7,rewrite,job-17a/rewrite7.sql,10,404,4.786000000,ok,
job,15d,rewrite3,rewrite,job-15d/rewrite3.sql,10,405,2.908000000,ok,
job,17a,rewrite5,rewrite,job-17a/rewrite5.sql,10,406,3.642000000,ok,
job,15d,rewrite5,rewrite,job-15d/rewrite5.sql,10,407,4.661000000,ok,
job,22d,rewrite1,rewrite,job-22d/rewrite1.sql,10,408,4.346000000,ok,
lsqb,q1,rewrite2,rewrite,lsqb-q1/rewrite2.sql,10,409,1.640000000,ok,
job,22d,rewrite8,rewrite,job-22d/rewrite8.sql,10,410,9.592000000,ok,
job,15d,rewrite2,rewrite,job-15d/rewrite2.sql,10,411,4.911000000,ok,
job,22d,rewrite7,rewrite,job-22d/rewrite7.sql,10,412,15.528000000,ok,
job,15d,rewrite7,rewrite,job-15d/rewrite7.sql,10,413,2.083000000,ok,
lsqb,q1,rewrite7,rewrite,lsqb-q1/rewrite7.sql,10,414,1.052000000,ok,
job,22d,rewrite3,rewrite,job-22d/rewrite3.sql,10,415,5.118000000,ok,
job,2d,rewrite3,rewrite,job-2d/rewrite3.sql,10,416,1.368000000,ok,
job,2d,query,original,job-2d/query.sql,10,417,1.339000000,ok,
job,17a,rewrite8,rewrite,job-17a/rewrite8.sql,10,418,4.493000000,ok,
job,22d,rewrite4,rewrite,job-22d/rewrite4.sql,10,419,4.949000000,ok,
job,2d,rewrite5,rewrite,job-2d/rewrite5.sql,10,420,7.304000000,ok,
